"BROKEN","EPIC","FAILED","FEATURE","PASSED","SKIPPED","STORY","UNKNOWN"
"0","","0","物料表测试用例","1","0","修改物料名称，自动补充标识，关联条件成功","0"
"0","","0","审核日志页用例","1","0","操作时间默认显示当天，异常默认显示为是","0"
"0","","0","事务管理页用例","1","0","事务模版-新增模版失败，事务类型不填写点击确定,不允许提交","0"
"0","","0","覆盖日历表测试用例","1","0","时序文本框的校验，输入错误的年份会爆红，点击确定时间标记会显示当前时间","0"
"0","","0","登录页面测试用例","1","0","密码错误 登录失败","0"
"0","","0","物料员测试用例","1","0","没有数据时显示正常","0"
"0","","0","物控需求定义页用例","1","0","查询数据库名称成功","0"
"0","","0","标准应用设置测试用例","1","0","添加仪表盘统计图 添加成功","0"
"0","","1","导入设置页用例","0","0","点击复制方案，只输入目的方案，不允许保存","0"
"0","","0","物料表测试用例","1","0","添加物料信息 不填写数据点击确认 不允许提交","0"
"0","","0","生产特征切换表测试用例","1","0","添加生产特征切换信息 填写资源不填写前生产特征和后生产特征 不允许提交","0"
"0","","0","事务管理页用例","1","0","我的流程-修改名称分类重复","0"
"0","","0","生产特征切换表测试用例","1","0","生产特征2切换增删查改","0"
"0","","0","物品切换表测试用例","2","0","删除数据成功","0"
"0","","0","用户与物料员测试用例","1","0","取消删除数据","0"
"0","","0","资源切换表测试用例","1","0","修改资源切换资源成功","0"
"0","","0","计划单元页用例","1","0","查询物料名称包含单元并且模版名称为标准","0"
"0","","0","事务管理页用例","1","0","我的流程-删除流程数据","0"
"0","","0","接收数据页用例","1","0","过滤条件查询，设置符合开头查询成功","0"
"0","","0","仓库库位测试用例","3","0","删除数据成功","0"
"0","","0","制造订单表测试用例","1","0","查询订单代码包含1或计划数量>=100","0"
"0","","0","物料库存测试用例","1","0","添加库存信息 不填写数据点击确认 不允许提交","0"
"0","","0","物控方案管理表测试用例","1","0","添加2个命令成功","0"
"0","","0","物料替代页用例","1","0","查询替代类别成功","0"
"0","","0","PSI设置用例","1","0","添加名称重复","0"
"0","","0","标准应用设置测试用例","1","0","设置表格布局-设置一页显示数据为50000","0"
"0","","0","字典页用例","1","0","不允许添加重复枚举值和名称","0"
"0","","0","工序表测试用例","1","0","没有数据时显示正常","0"
"0","","0","用户权限管理页用例","1","0","当前用户没有被锁定，点击解除当前锁定，显示用户未锁定","0"
"0","","0","物控方案管理表测试用例","1","0","添加命令成功","0"
"0","","0","多语言资源页用例","1","0","删除测试数据成功，删除布局成功","0"
"0","","0","物料BOM测试用例","1","0","添加数据重复","0"
"0","","0","甘特图测试用例","4","0","排序方案可选择-显示顺序-升序","0"
"0","","0","MRP需求计划表，MRP关联明细，请购单生成，计划单生成，请购单列表，工单列表页用例","1","0","点击查询计划单生成不报错","0"
"0","","0","未领料明细测试用例","1","0","添加未领料明细信息，有多个必填只填写一项，不允许提交","0"
"0","","0","主页设置页用例","1","0","刷新页面，点击保存，则修改的内容保存","0"
"0","","0","事务管理页用例","1","0","我的流程-添加流程名称点击保存提示重复","0"
"0","","0","物品切换表测试用例","1","0","校验数字文本框和文本框成功","0"
"0","","0","模块管理页用例","1","0","没有数据时显示正常","0"
"0","","0","未领料明细测试用例","1","0","过滤刷新成功","0"
"0","","0","未领料明细测试用例","1","0","新增全部数据测试","0"
"0","","0","模型设计页用例","1","0","新增模型不填写数据，不允许新增","0"
"0","","0","事务管理页用例","1","0","流程日志-全部条件搜索成功，没有数据的时候显示无数据","0"
"0","","0","甘特图测试用例","1","0","按钮是否显示工作选择面板开关可开启","0"
"0","","0","用户权限管理页用例","1","0","添加测试数据，设置指定登录方式为扫码","0"
"0","","0","物控需求定义页用例","1","0","查询需求编码成功","0"
"0","","0","系统标识设置页用例","1","0","登录页不显示LOGO","0"
"0","","0","生产特征表测试用例","1","0","删除测试数据成功，删除布局成功","0"
"0","","0","事务管理页用例","1","0","我的流程-添加流程填写名称和分类，不允许保存","0"
"1","","0","物料库存测试用例","0","0","删除测试数据成功","0"
"0","","0","标准应用设置测试用例","1","0","添加统计图 输入图表名 点击确认 添加成功","0"
"0","","0","甘特图测试用例","4","0","排序方案可选择-资源代码顺序-降序","0"
"0","","0","菜单组件页用例","1","0","新增只填写组件代码点击保存不允许添加","0"
"0","","0","客户表测试用例","1","0","添加客户信息，只填写客户名称，不填写客户代码，不允许提交","0"
"0","","0","计划单元页用例","1","0","添加小日程计划单元成功","0"
"0","","0","标准应用设置测试用例","1","0","修改布局名称成功","0"
"0","","0","事务管理页用例","1","0","事务模版-新增模版失败，输入事务名称，不输入事务类型，配置参数不允许提交","0"
"0","","0","资源组表测试用例","1","0","修改资源组代码成功","0"
"0","","0","物料表测试用例","1","0","添加物料信息，只填写物料代码，不填写物料名称，不允许提交","0"
"0","","0","甘特图测试用例","5","0","添加布局名称成功","0"
"0","","0","接口执行页用例","1","0","点击接口参数成功","0"
"0","","0","用户权限管理页用例","1","0","过滤条件查询，设置符合结尾查询成功","0"
"0","","0","物控方案管理表测试用例","1","0","删除测试方案","0"
"0","","0","生产特征表测试用例","1","0","生产特征5增删查改","0"
"0","","0","导入设置页用例","1","0","点击复制方案，不输入数据，不允许保存","0"
"0","","0","系统标识设置页用例","1","0","设置登录方式只能平台账户登录","0"
"0","","0","物料表测试用例","1","0","添加物料信息，只填写物料名称，不填写物料代码，不允许提交","0"
"0","","0","资源组表测试用例","1","0","添加数据重复","0"
"0","","0","物品切换表测试用例","1","0","输入全部数据，添加保存成功","0"
"0","","0","MRP需求计划表，MRP关联明细，请购单生成，计划单生成，请购单列表，工单列表页用例","1","0","点击查询请购单列表不报错","0"
"0","","0","标准应用设置测试用例","2","0","删除透视表布局成功","0"
"0","","0","配置同步页用例","1","0","过滤条件查询，一个不选，显示正常","0"
"0","","0","采购PO答复测试用例","1","0","过滤刷新成功","0"
"0","","0","工艺产能表测试用例","1","0","刷新成功","0"
"0","","0","制造订单表测试用例","1","0","输入全部数据，添加保存成功","0"
"1","","0","物料BOM测试用例","0","0","添加物料BOM信息 不填写数据点击确认 不允许提交","0"
"0","","0","生产特征切换表测试用例","1","0","修改资源切换资源成功","0"
"0","","0","方案管理表测试用例","1","0","添加方案管理信息 只填写复制方案 不允许提交","0"
"0","","0","工序表测试用例","1","0","输入全部数据，添加保存成功","0"
"0","","0","物料员测试用例","1","0","修改物料员代码成功","0"
"0","","0","覆盖日历表测试用例","1","0","刷新成功","0"
"0","","0","收货场所测试用例","1","0","修改测试数据成功","0"
"0","","0","用户与物料员测试用例","1","0","添加用户信息 不填写物料员点击确认 不允许提交","0"
"0","","0","在途库存测试用例","1","0","添加测试数据","0"
"0","","0","供应商信息测试用例","1","0","编辑全部选项成功","0"
"0","","0","制造订单表测试用例","1","0","下拉框选择成功","0"
"0","","0","采购PO答复测试用例","1","0","编辑全部选项成功","0"
"0","","0","主页设置页用例","1","0","添加模版，重复命名，点击确定，弹出提示不允许保存","0"
"0","","0","客户表测试用例","1","0","查询显示顺序<10","0"
"0","","0","方案管理表测试用例","1","0","属性设置-制造效率","0"
"0","","0","生产特征切换表测试用例","1","0","取消删除数据","0"
"0","","0","方案管理表测试用例","1","0","添加复制测试方案成功","0"
"0","","0","物料组表测试用例","1","0","数字文本框 只允许填写数字","0"
"0","","0","工序表测试用例","1","0","下拉框选择成功","0"
"0","","0","生产特征切换表测试用例","1","0","删除全部数据功","0"
"0","","0","数据库维护页用例","1","0","过滤表名成功","0"
"0","","0","系统标识设置页用例","1","0","登录页显示LOGO","0"
"0","","0","客户表测试用例","1","0","没有数据时显示正常","0"
"0","","0","客户表测试用例","1","0","修改客户名称，显示颜色，显示顺序","0"
"0","","0","工作和任务表测试用例","1","0","工作明细页面过滤条件查询，设置包含条件查询成功","0"
"0","","0","应用管理页用例","1","0","过滤条件查询，设置包含条件查询成功","0"
"0","","0","生产特征表测试用例","1","0","添加测试数据","0"
"0","","0","MRP需求计划表，MRP关联明细，请购单生成，计划单生成，请购单列表，工单列表页用例","1","0","点击导出MRP需求计划表不报错","0"
"0","","0","事务管理页用例","1","0","事务模版-切换事务类型，配置参数刷新","0"
"0","","0","物料BOM测试用例","1","0","取消删除数据","0"
"0","","0","接口执行页用例","1","0","过滤条件查询，设置包含条件查询成功","0"
"0","","0","收货日历表测试用例","1","0","重新打开浏览器，数据还存在","0"
"0","","0","事务管理页用例","1","0","事务模版-修改事务名称重复","0"
"0","","0","收货班次测试用例","1","0","编辑全部选项成功","0"
"0","","0","标准应用设置测试用例","1","0","设置表格布局-表尾内容设置为平均","0"
"0","","0","物料库存测试用例","1","0","添加测试数据","0"
"0","","0","客户表测试用例","1","0","添加数据成功","0"
"0","","0","采购PO答复测试用例","1","0","查询测试数据成功","0"
"0","","0","订单预占料测试用例","2","0","删除数据成功","0"
"0","","0","未领料明细测试用例","1","0","没有数据时显示正常","0"
"1","","0","配置同步页用例","0","0","分配全部资源给另外一个用户成功","0"
"0","","0","MRP需求计划表，MRP关联明细，请购单生成，计划单生成，请购单列表，工单列表页用例","1","0","点击导出MRP关联明细不报错","0"
"0","","0","供应商配额测试用例","1","0","删除测试数据成功","0"
"0","","0","计划计算测试用例","1","0","方案管理中计划方案组合框显示关闭，不显示该方案","0"
"0","","0","生产特征切换表测试用例","1","0","生产特征4切换增删查改","0"
"0","","0","生产报工测试用例","1","0","添加布局","0"
"0","","0","生产日历表测试用例","1","0","添加生产日历信息 不填写数据点击确认 不允许提交","0"
"0","","0","资源组表测试用例","1","0","取消删除数据","0"
"0","","0","生产报工测试用例","1","0","校验数字文本框和文本框成功","0"
"0","","0","生产特征切换表测试用例","1","0","生产特征3切换增删查改","0"
"0","","0","方案管理表测试用例","1","0","属性设置-时间属性-用户指定最迟结束时刻","0"
"0","","0","物品切换表测试用例","2","0","添加数据成功","0"
"0","","0","班次表测试用例","1","0","把修改后的班次代码改回来","0"
"0","","0","客户表测试用例","1","0","输入全部数据，添加保存成功","0"
"0","","0","标准应用设置测试用例","1","0","修改标签名，修改成功，添加查询数据","0"
"0","","0","事务管理页用例","1","0","我的流程-是否启动查询为开启","0"
"0","","0","物控计算测试用例","1","0","不输入计划方案，点击执行不成功","0"
"0","","0","接口配置分发页用例","1","0","添加数据成功","0"
"0","","0","采购PO答复测试用例","1","0","修改测试数据成功","0"
"0","","0","物料BOM测试用例","1","0","没有数据时显示正常","0"
"0","","0","接收数据页用例","1","0","添加数据成功","0"
"0","","0","事务管理页用例","1","0","我的流程-频率为周，不填写时间设置，不允许保存","0"
"0","","0","制造订单表测试用例","1","0","修改制造订单代码重复","0"
"0","","0","甘特图测试用例","1","0","计划评估对比不选数据点击查询","0"
"0","","0","仓库库位测试用例","1","0","修改工厂代码重复","0"
"0","","0","物料BOM测试用例","1","0","修改测试数据成功","0"
"0","","0","接口配置分发页用例","1","0","过滤条件查询，一个不选，显示正常","0"
"0","","0","角色管理页用例","1","0","过滤条件查询，设置包含条件查询成功","0"
"0","","0","应用管理页用例","1","0","新增输入应用代码，应用名称点击保存不允许添加","0"
"0","","0","生产报工测试用例","1","0","数字文本框只允许输入数字","0"
"0","","0","主页设置页用例","1","0","正在使用的模版不允许删除","0"
"0","","0","物料替代页用例","1","0","查询替代类别和父料号和被替代子项料号成功","0"
"0","","0","物料BOM测试用例","1","0","新增全部数据测试","0"
"0","","0","供应商信息测试用例","1","0","添加供应商信息 不填写数据点击确认 不允许提交","0"
"0","","0","审核日志页用例","1","0","点击查询默认显示当天查询无异常数据","0"
"0","","0","环境设置页用例","1","0","排程页面-校验所有数字输入框-只允许输入数字","0"
"0","","0","方案管理表测试用例","1","0","属性设置-新增资源选择策略-评估方案","0"
"0","","0","操作日志页用例","1","0","过滤条件查询，设置包含条件查询成功","0"
"0","","0","物料组表测试用例","1","0","刷新成功","0"
"0","","0","物控方案管理表测试用例","1","0","添加复制测试方案成功","0"
"0","","0","环境设置页用例","2","0","标识页面-设置商标成功","0"
"0","","0","接收数据页用例","1","0","不填写数据点击新增不允许保存","0"
"1","","0","平台监控页用例","0","0","查询不报错","0"
"0","","0","事务管理页用例","1","0","我的流程-频率为每天，不填写间隔执行，不允许保存","0"
"0","","0","数据库维护页用例","1","0","删除表数据成功","0"
"0","","0","接口配置分发页用例","1","0","清除筛选效果成功","0"
"0","","0","采购PO答复测试用例","1","0","取消删除数据","0"
"0","","0","方案管理表测试用例","1","0","属性设置-分派失败时(资源锁定制约)","0"
"0","","0","资源组表测试用例","1","0","校验数字文本框和文本框成功","0"
"0","","0","数据库维护页用例","1","0","添加重复表代码不允许添加","0"
"0","","0","PSI设置用例","1","0","点击取消不会修改数据","0"
"0","","0","表达式管理页用例","1","0","添加表达式管理成功","0"
"0","","0","供应商配额测试用例","1","0","修改数据重复","0"
"0","","0","物控需求定义页用例","1","0","过滤条件查询，设置包含条件查询成功","0"
"0","","0","菜单组件页用例","1","0","查询组件名称包含A成功","0"
"0","","0","模块管理页用例","1","0","过滤条件查询，设置包含条件查询成功","0"
"0","","0","用户权限管理页用例","1","0","添加用户成功","0"
"0","","0","物料组表测试用例","1","0","输入全部数据，添加保存成功","0"
"0","","0","个人设置测试用例","1","0","组件菜单文字-显示","0"
"0","","0","工作指示发布表测试用例","1","0","不勾选资源不点击时间，点击查询 不允许查询","0"
"0","","0","用户权限管理页用例","1","0","清除筛选效果成功","0"
"0","","0","物料CTB测试用例","1","0","没有数据时显示正常","0"
"0","","0","系统标识设置页用例","1","0","恢复登录背景图为默认","0"
"0","","0","客户表测试用例","1","0","查询客户名称以美开头或显示顺序>10","0"
"0","","0","PSI设置用例","1","0","修改表行，表列，数据内容名称成功","0"
"0","","0","个人设置测试用例","1","0","旧密码错误不允许修改","0"
"0","","0","数据库维护页用例","1","0","添加表成功","0"
"0","","0","物控供应定义页用例","1","0","查询供应编码成功","0"
"0","","0","甘特图测试用例","5","0","删除布局名称成功","0"
"0","","0","表达式管理页用例","1","0","查询表达式名称成功","0"
"0","","0","资源组表测试用例","1","0","添加资源组信息 不填写数据点击确认 不允许提交，添加测试布局","0"
"0","","0","客户表测试用例","1","0","数字文本框 只允许填写数字","0"
"0","","0","生产特征切换表测试用例","1","0","添加资源切换信息 填写资源，前生产特征和后生产特征，填写切换时间，不填写优先度 不允许提交","0"
"0","","0","工作指示发布表测试用例","1","0","勾选资源，勾选时间段，点击查询 查询成功,发布指示成功","0"
"0","","0","工序表测试用例","1","0","修改工序名，显示颜色成功","0"
"0","","0","标准应用设置测试用例","1","0","设置表格布局-设置物料名称为不可见","0"
"0","","0","计划单元页用例","1","0","添加CTB计划单元成功","0"
"0","","0","主页设置页用例","1","0","切换模版点击确定不保存，则修改的内容没有保存，并且切换到别的模版上","0"
"0","","0","多语言资源页用例","1","0","新增直接点击保存不允许添加","0"
"0","","0","工艺产能表测试用例","4","0","删除数据成功","0"
"0","","0","表达式管理页用例","1","0","清除筛选效果成功","0"
"0","","0","物料替代页用例","1","0","添加单料替代成功","0"
"0","","0","工艺产能表测试用例","1","0","添加工艺产能信息 不填写数据点击确认 不允许提交","0"
"0","","0","甘特图测试用例","5","0","修改布局名称成功","0"
"0","","0","客户表测试用例","1","0","查询客户代码成功","0"
"0","","0","用户权限管理页用例","1","0","设置用户有效期为之前的，显示已过期","0"
"0","","0","供应商配额测试用例","1","0","新增全部数据测试","0"
"0","","0","方案管理表测试用例","1","0","属性设置-忽视未分派的前后工序的工作","0"
"0","","0","物料表测试用例","1","0","代码设计器选择成功，并且没有乱码","0"
"0","","0","供应商配额测试用例","1","0","添加测试数据","0"
"1","","0","配置同步页用例","0","0","分配一个资源给另外一个用户成功","0"
"0","","0","配置同步页用例","1","0","同步多个数据导入到一个计划单元成功","0"
"0","","0","事务管理页用例","1","0","我的流程-添加全部数据，保存成功","0"
"0","","0","环境设置页用例","1","0","恢复默认设置","0"
"0","","0","物料BOM测试用例","2","0","删除数据成功","0"
"0","","0","菜单组件页用例","1","0","修改重复需求来源编码不允许修改","0"
"0","","0","事务管理页用例","1","0","我的流程-频率为周，不填写时间设置，不允许点击下一步","0"
"0","","0","物控需求定义页用例","1","0","修改需求来源编码不允许修改","0"
"0","","0","生产报工测试用例","1","0","当报工数量小于实绩报工数量 修改报工数量成功","0"
"0","","0","采购PO答复测试用例","1","0","添加测试数据","0"
"0","","0","物控计算履历页用例","1","0","点击详情点击查询-订单齐套结果不报错","0"
"0","","0","表达式管理页用例","1","0","过滤条件查询，设置符合开头查询成功","0"
"0","","0","接收数据页用例","1","0","过滤条件查询，设置符合结尾查询成功","0"
"0","","0","角色管理页用例","1","0","添加数据不选择菜单不允许添加","0"
"0","","0","计划单元页用例","1","0","添加计划单元 填写计划单元，名称不填写模版 不允许提交","0"
"0","","0","多语言资源页用例","1","0","添加重复key值不允许添加","0"
"0","","0","个人设置测试用例","1","0","修改密码不符合标准,不能包含特殊字符","0"
"0","","0","客户表测试用例","1","0","修改客户代码重复","0"
"0","","0","标准应用设置测试用例","2","0","布局删除成功","0"
"0","","0","生产特征表测试用例","1","0","刷新成功","0"
"0","","0","生产报工测试用例","1","0","删除超出的报工数量点击删除弹出弹窗，点击是报工状态会变为开始生产，数据会删除","0"
"0","","0","接口执行页用例","1","0","点击接口数据查询成功","0"
"0","","0","事务管理页用例","1","0","事务模版-添加全部成功","0"
"0","","0","物料替代页用例","1","0","修改单料替代BOM版本，替代后子项料号成功","0"
"0","","0","个人设置测试用例","1","0","修改密码不符合标准,密码长度最小为8","0"
"0","","0","生产特征切换表测试用例","1","0","刷新成功","0"
"0","","0","用户权限管理页用例","1","0","校验用户代码文本框，输入其他字符，显示只能包含字母和数字和下划线","0"
"0","","0","物料CTB测试用例","1","0","修改测试数据成功","0"
"0","","0","个人设置测试用例","1","0","切换系统语言-英语","0"
"0","","0","工具栏按钮管理页用例","1","0","过滤查按钮代码成功","0"
"0","","0","在途库存测试用例","1","0","没有数据时显示正常","0"
"0","","0","订单预占料测试用例","1","0","查询测试数据成功","0"
"0","","0","甘特图测试用例","4","0","筛选方法可使用","0"
"0","","0","物料员测试用例","1","0","添加物料员信息，只填写物料员代码，不填写物料员名称，不允许提交","0"
"0","","0","标准应用设置测试用例","1","0","标签列表添加名称成功","0"
"0","","0","仓库库位测试用例","1","0","修改工厂代码成功","0"
"0","","0","菜单组件页用例","1","0","新增直接点击保存不允许添加","0"
"0","","0","模型设计页用例","1","0","新增测试数据成功","0"
"0","","0","生产特征切换表测试用例","1","0","添加数据重复","0"
"0","","0","客户表测试用例","1","0","删除测试数据成功，删除布局成功","0"
"0","","0","物控计算履历页用例","1","0","点击详情点击查询- 欠料表（物料维度） 不报错","0"
"0","","0","环境设置页用例","1","0","周期页面-设置系统载入日期，保存成功","0"
"0","","0","供应商配额测试用例","1","0","添加供应商配额信息，有多个必填只填写一项，不允许提交","0"
"0","","0","生产特征切换表测试用例","1","0","数字文本框 只允许填写数字","0"
"0","","0","工具栏按钮管理页用例","1","0","删除测试数据成功，删除布局成功","0"
"0","","0","物料替代页用例","1","0","过滤条件查询，设置符合开头查询成功","0"
"0","","0","生产特征表测试用例","1","0","生产特征2增删查改","0"
"0","","0","物料替代页用例","1","0","修改成组替代BOM版本，被替代子项料号，替代后子项料号成功","0"
"0","","0","工作和任务表测试用例","1","0","任务明细页面过滤条件查询，设置包含条件查询成功","0"
"0","","0","收货场所测试用例","1","0","修改数据重复","0"
"0","","0","生产特征表测试用例","1","0","修改代码重复","0"
"0","","0","班次表测试用例","1","0","第一个时间数字框分钟和秒超过59默认为59，第二个时间数字框分钟和秒超过59默认为59","0"
"0","","0","物控方案管理表测试用例","2","0","删除刚才添加的方案","0"
"0","","0","物品切换表测试用例","1","0","删除全部数据功","0"
"0","","0","标准应用设置测试用例","1","0","设置表格布局-改变关联条件列的顺序","0"
"0","","0","工作和任务表测试用例","1","0","工作明细页面查询工作代码成功","0"
"0","","0","模型设计页用例","1","0","删除模型成功","0"
"0","","0","资源切换表测试用例","1","0","校验数字文本框和文本框成功","0"
"0","","0","工序表测试用例","1","0","添加工序信息 不填写数据点击确认 不允许提交，添加新布局","0"
"0","","0","导航栏测试用例","1","0","收藏页面成功","0"
"0","","0","资源表测试用例","1","0","添加数据重复","0"
"0","","0","PSI设置用例","1","0","添加测试数据","0"
"0","","0","计划单元页用例","1","0","查询计划单元名称中包含A成功","0"
"0","","0","收货场所测试用例","1","0","新增全部数据测试","0"
"0","","0","生产特征表测试用例","1","0","添加数据重复","0"
"0","","0","环境设置页用例","1","0","全体页面-所有复选框都勾选，并且保存成功","0"
"0","","0","供应商配额测试用例","1","0","添加数据重复","0"
"0","","0","接口执行页用例","1","0","过滤条件查询，设置符合开头查询成功","0"
"0","","0","资源切换表测试用例","1","0","修改资源切换优先度成功","0"
"0","","0","班次表测试用例","1","0","第一个时间数字框不允许超过第二个时间数字框  添加成功","0"
"0","","0","事务管理页用例","1","0","流程日志-全部条件搜索成功，关系为and","0"
"0","","0","事务管理页用例","1","0","事务模版-查询事务名称成功","0"
"0","","0","物料齐套结果，订单欠料表，物料欠料表，订单分批齐套，物料供应明细，供需分配明细页用例","1","0","点击查询供需分配明细不报错","0"
"0","","0","甘特图测试用例","1","0","按钮变更使用时间开关可开启","0"
"0","","0","物料BOM测试用例","1","0","编辑全部选项成功","0"
"0","","0","生产特征切换表测试用例","1","0","校验数字文本框和文本框成功","0"
"0","","0","主页设置页用例","1","0","切换模版点击取消不会更新模版","0"
"0","","0","系统标识设置页用例","1","0","LOGO显示方式为图标+文字","0"
"0","","0","工艺产能表测试用例","1","0","修改工艺产能使用指令资源","0"
"0","","0","事务管理页用例","1","0","事务模版-新增模版成功，事务类型为服务，填写计划计算成功","0"
"0","","0","菜单组件页用例","1","0","删除测试数据成功，删除布局成功","0"
"0","","0","物控方案管理表测试用例","1","0","删除命令成功","0"
"0","","0","物料组表测试用例","1","0","代码设计器选择成功，并且没有乱码","0"
"0","","0","方案管理表测试用例","1","0","属性设置-分派规则-降序","0"
"0","","0","供应商配额测试用例","1","0","查询测试数据成功","0"
"0","","0","仓库库位测试用例","1","0","编辑全部选项成功","0"
"0","","0","收货场所测试用例","1","0","过滤刷新成功","0"
"0","","0","物品切换表测试用例","1","0","刷新成功","0"
"0","","0","事务管理页用例","1","0","流程日志-流程名称搜索成功","0"
"0","","0","生产特征表测试用例","1","0","查询代码成功","0"
"0","","0","操作日志页用例","1","0","刷新成功","0"
"0","","0","未领料明细测试用例","1","0","删除测试数据成功","0"
"0","","0","生产特征表测试用例","1","0","以普开头或显示顺序>10","0"
"0","","0","表达式管理页用例","1","0","修改表达式名称，相当于新增","0"
"0","","0","标准应用设置测试用例","1","0","设置透视表格布局默认启动-成功","0"
"1","","0","模型设计页用例","0","0","点击保存 不报错","0"
"0","","0","角色管理页用例","1","0","点击只输入角色代码点击保存，不允许保存","0"
"0","","0","工具栏按钮管理页用例","1","0","修改对话框按钮代码禁用","0"
"0","","0","资源表测试用例","1","0","查询资源名字成功","0"
"0","","0","事务管理页用例","1","0","我的流程-频率为月，不填写时间设置，不允许保存","0"
"0","","0","标准应用设置测试用例","1","0","填写布局名称，不勾选可见字段，添加失败","0"
"0","","0","生产特征切换表测试用例","1","0","查询资源成功","0"
"0","","0","收货场所测试用例","1","0","添加收货场所信息，有多个必填只填写一项，不允许提交","0"
"0","","0","收货场所测试用例","1","0","取消删除数据","0"
"0","","0","仓库库位测试用例","1","0","添加测试数据","0"
"0","","0","生产日历表测试用例","1","0","添加数据成功 - 星期","0"
"0","","0","事务管理页用例","1","0","我的流程-频率为月，保存成功","0"
"0","","0","应用管理页用例","1","0","校验数字文本框成功","0"
"0","","0","物料表测试用例","1","0","删除测试数据成功，删除布局成功","0"
"1","","0","物料库存测试用例","0","0","新增全部数据测试","0"
"0","","0","导航栏测试用例","1","0","右键关闭其他导航栏成功","0"
"0","","0","物料库存测试用例","1","0","修改物料代码成功","0"
"0","","0","订单预占料测试用例","1","0","删除测试数据成功","0"
"0","","0","配置同步页用例","1","0","删除增加的资源和用户成功","0"
"0","","0","标准应用设置测试用例","1","0","标签设置显示在快速查询下放","0"
"0","","0","工艺产能表测试用例","1","0","删除工序编号成功","0"
"0","","0","物料CTB测试用例","2","0","删除数据成功","0"
"0","","0","事务管理页用例","1","0","我的流程-点击重置按钮成功","0"
"1","","0","角色管理页用例","0","0","添加角色成功，勾选所有菜单,并且增加该用户权限，可切换新建单元","0"
"0","","0","用户与物料员测试用例","1","0","添加测试数据","0"
"0","","0","未领料明细测试用例","1","0","添加必填数据成功","0"
"0","","0","标准应用设置测试用例","1","0","删除标签成功","0"
"0","","0","生产报工测试用例","1","0","当修改的报工数量大于实绩报工数量 弹出弹窗 点击“是”报工状态会变为结束","0"
"0","","0","方案管理表测试用例","2","0","删除刚才添加的方案","0"
"0","","0","生产报工测试用例","1","0","查询物料代码成功","0"
"0","","0","模型数据流设计页用例","1","0","模型数据流设计页点击保存成功","0"
"0","","0","个人设置测试用例","1","0","打开引擎为系统设置-IP","0"
"0","","0","事务管理页用例","1","0","我的流程-频率为每天，添加搜索事务,添加两个事务点击保存，保存成功","0"
"0","","0","个人设置测试用例","1","0","不操作自动退出-10秒","0"
"0","","0","个人设置测试用例","3","0","修改密码不符合标准","0"
"0","","0","方案管理表测试用例","1","0","属性设置-更新关联/补充订单","0"
"0","","0","PSI设置用例","1","0","删除透视数据，表行，表列，数据内容成功","0"
"0","","0","物料表测试用例","1","0","刷新成功","0"
"0","","0","资源组表测试用例","1","0","没有数据时显示正常","0"
"0","","0","事务管理页用例","1","0","流程日志-流程ID搜索成功搜索成功","0"
"0","","0","物品切换表测试用例","1","0","添加物品切换信息 填写资源不填写前品目和后品目 不允许提交","0"
"0","","0","班次表测试用例","1","0","下拉框选择成功","0"
"0","","0","物料BOM测试用例","1","0","添加必填数据成功","0"
"0","","0","生产日历表测试用例","1","0","输入全部数据，添加保存成功","0"
"0","","0","物料员测试用例","1","0","删除测试数据成功","0"
"0","","0","接口配置分发页用例","1","0","过滤条件查询，设置符合开头查询成功","0"
"0","","0","系统标识设置页用例","1","0","设置成功登录背景图成功","0"
"0","","0","接收数据页用例","1","0","清除筛选效果成功","0"
"2","","0","配置同步页用例","0","0","同步1个计划方案到多个计划单元成功","0"
"0","","0","供应商信息测试用例","1","0","查询工厂代码成功","0"
"0","","0","多语言资源页用例","1","0","过滤条件查询，设置符合结尾查询成功","0"
"0","","0","物控需求定义页用例","1","0","过滤条件查询，设置符合结尾查询成功","0"
"0","","0","用户与物料员测试用例","1","0","没有数据时显示正常","0"
"1","","0","物料库存测试用例","1","0","删除数据成功","0"
"0","","0","班次表测试用例","1","0","校验数字文本框和文本框成功","0"
"0","","0","接口执行页用例","1","0","删除数据成功","0"
"0","","0","制造订单表测试用例","1","0","刷新成功","0"
"0","","0","在途库存测试用例","2","0","删除数据成功","0"
"0","","0","配置同步页用例","2","0","重复同步同一个计划方案不会报错，会继续同步","0"
"1","","0","配置同步页用例","0","0","同步1个psi到多个计划单元成功","0"
"0","","0","主页设置页用例","1","0","添加关联条件会出现在个人设置中","0"
"0","","0","用户与物料员测试用例","1","0","查询物料员代码成功","0"
"0","","0","方案管理表测试用例","1","0","属性设置-严格遵守后资源制约-开关关闭","0"
"0","","0","收货班次测试用例","1","0","没有数据时显示正常","0"
"0","","0","工艺产能表测试用例","1","0","添加布局","0"
"0","","0","工作和任务表测试用例","1","0","工作明细页面刷新成功","0"
"0","","0","甘特图测试用例","4","0","按钮自动刷新开关可开启","0"
"0","","0","物料替代页用例","1","0","过滤条件查询，设置包含条件查询成功","0"
"0","","0","资源表测试用例","1","0","输入全部数据，添加保存成功","0"
"0","","0","生产报工测试用例","1","0","删除布局成功","0"
"0","","0","资源表测试用例","1","0","添加测试数据成功","0"
"0","","0","生产日历表测试用例","1","0","修改生产日历班次成功","0"
"0","","0","数据库维护页用例","1","0","过滤条件查询，一个不选，显示正常","0"
"0","","0","物料CTB测试用例","1","0","新增全部数据测试","0"
"0","","0","物控需求定义页用例","1","0","修改名称和类型成功","0"
"0","","0","物品切换表测试用例","1","0","修改物品切换资源成功","0"
"0","","0","覆盖日历表测试用例","1","0","时序文本框的校验，输入三个时间段，当中间的时间段比前面的时间段早，会自动纠正","0"
"0","","0","个人设置测试用例","1","0","设置菜单展开方式为悬浮","0"
"0","","0","事务管理页用例","1","0","事务模版-新增模版失败，不输入事务名称，输入事务类型，配置参数不允许提交","0"
"0","","0","标准应用设置测试用例","1","0","快速查询两个条件显示正确","0"
"0","","0","个人设置测试用例","1","0","切换系统格式","0"
"0","","0","角色管理页用例","1","0","添加重复名称，不允许添加","0"
"0","","0","用户与物料员测试用例","2","0","删除数据成功","0"
"0","","0","资源表测试用例","1","0","代码设计器选择成功，并且没有乱码","0"
"0","","0","订单预占料测试用例","1","0","添加测试数据","0"
"0","","0","事务管理页用例","1","0","事务模版-新增模版成功，事务类型为存储过程，添加成功","0"
"0","","0","物料员测试用例","1","0","修改物料员代码重复","0"
"0","","0","计划单元页用例","1","0","添加测试数据","0"
"0","","0","菜单组件页用例","1","0","刷新成功","0"
"0","","0","MRP需求计划表，MRP关联明细，请购单生成，计划单生成，请购单列表，工单列表页用例","1","0","计划生成页点击创建工单不报错","0"
"0","","0","供应商配额测试用例","1","0","添加必填数据成功","0"
"0","","0","用户权限管理页用例","1","0","点击新增不输入数据点击保存，不允许保存","0"
"0","","0","客户表测试用例","1","0","修改客户代码成功","0"
"0","","0","系统标识设置页用例","1","0","校验修改登录密码最少位数数字文本框最大只能输入30","0"
"0","","0","数据库维护页用例","1","0","添加重复字段代码不允许添加","0"
"0","","0","方案管理表测试用例","1","0","属性设置-时间属性-用户指定最早开始时刻","0"
"0","","0","用户权限管理页用例","1","0","过滤条件查询，一个不选，显示正常","0"
"1","","0","物控计算测试用例","0","0","执行成功","0"
"0","","0","供应商信息测试用例","1","0","删除测试数据成功","0"
"0","","0","物料齐套结果，订单欠料表，物料欠料表，订单分批齐套，物料供应明细，供需分配明细页用例","1","0","点击查询订单分批齐套不报错","0"
"0","","0","资源切换表测试用例","1","0","添加资源切换信息 填写资源，前资源和后资源，填写切换时间，不填写优先度 不允许提交","0"
"0","","0","物料BOM测试用例","1","0","查询测试数据成功","0"
"0","","0","班次表测试用例","1","0","刷新成功","0"
"0","","0","资源切换表测试用例","2","0","删除数据成功","0"
"0","","0","物料组表测试用例","1","0","添加数据重复","0"
"0","","0","物控方案管理表测试用例","1","0","添加物控方案管理信息 只填写复制方案 不允许提交","0"
"0","","0","资源组表测试用例","1","0","输入全部数据，添加保存成功","0"
"0","","0","工艺产能表测试用例","1","0","删除使用指令成功","0"
"0","","0","事务管理页用例","1","0","我的流程-频率为一次，不填写执行时间，不允许保存","0"
"0","","0","物品切换表测试用例","1","0","添加物品切换信息 不填写数据点击确认 不允许提交","0"
"0","","0","甘特图测试用例","4","0","按钮显示文字开关可开启","0"
"0","","0","生产日历表测试用例","1","0","校验数字文本框和文本框成功","0"
"0","","0","覆盖日历表测试用例","1","0","添加数据成功","0"
"0","","0","供应商信息测试用例","1","0","取消删除数据","0"
"0","","0","物控计算履历页用例","1","0","点击详情点击查询-物料供应明细 不报错","0"
"0","","0","个人设置测试用例","1","0","切换系统颜色背景","0"
"0","","0","工序表测试用例","1","0","修改工序代码成功","0"
"0","","0","表达式管理页用例","1","0","新增填写名称和分类点击保存不允许添加","0"
"0","","0","标准应用设置测试用例","1","0","删除布局成功","0"
"0","","0","用户权限管理页用例","1","0","校验密码和确认密码不一致","0"
"0","","0","生产特征表测试用例","1","0","添加数据成功","0"
"1","","0","未领料明细测试用例","0","0","添加未领料明细信息 不填写数据点击确认 不允许提交","0"
"0","","0","工艺产能表测试用例","1","0","删除布局成功","0"
"0","","0","多语言资源页用例","1","0","添加测试数据多语言成功","0"
"0","","0","制造订单表测试用例","1","0","把修改后的制造订单代码改回来","0"
"1","","0","生产特征表测试用例","0","0","生产特征4增删查改","0"
"0","","0","物料库存测试用例","1","0","修改物料员代码重复","0"
"0","","0","多语言资源页用例","1","0","过滤条件查询，设置符合开头查询成功","0"
"0","","0","工作进度页用例","1","0","点击刷新不报错","0"
"0","","0","导入设置页用例","1","0","文本框的校验","0"
"0","","0","在线管理页用例","1","0","过滤条件查询，设置包含条件查询成功","0"
"0","","0","资源表测试用例","1","0","显示顺序大于>5","0"
"0","","0","生产报工测试用例","1","0","查询工作代码成功","0"
"0","","0","物料组表测试用例","1","0","添加物料组信息 不填写数据点击确认 不允许提交，添加测试布局","0"
"0","","0","班次表测试用例","1","0","添加数据重复","0"
"0","","0","甘特图测试用例","4","0","按钮自动刷新开关可关闭","0"
"0","","0","方案管理表测试用例","1","0","添加复制测试方案，配置同步使用","0"
"0","","1","在途库存测试用例","0","0","添加数据重复","0"
"0","","0","资源表测试用例","1","0","刷新成功","0"
"0","","0","工作指示一览表测试用例","1","0","工作指示发布成功，工作指示一览显示成功","0"
"1","","0","计划信息计划评估页测试用例","0","0","计划评估页面删除成功","0"
"0","","0","多语言资源页用例","1","0","修改key值成功","0"
"0","","0","菜单组件页用例","1","0","过滤条件查询，设置符合结尾查询成功","0"
"0","","0","标准应用设置测试用例","1","0","删除Copy布局","0"
"0","","0","MRP需求计划表，MRP关联明细，请购单生成，计划单生成，请购单列表，工单列表页用例","1","0","点击查询MRP需求计划表不报错","0"
"1","","0","生产特征切换表测试用例","0","0","添加生产特征切换信息 填写前生产特征和后生产特征不填写资源 不允许提交","0"
"0","","0","应用管理页用例","1","0","新增直接点击保存不允许添加","0"
"0","","0","工具栏按钮管理页用例","1","0","清除筛选效果成功","0"
"0","","0","产品注册页用例","1","0","填写错误注册号码点击确定不允许保存","0"
"0","","0","收货场所测试用例","1","0","添加数据重复","0"
"0","","0","数据库维护页用例","1","0","过滤条件查询，设置符合结尾查询成功","0"
"0","","0","物控方案管理表测试用例","1","0","添加方案成功","0"
"0","","0","系统标识设置页用例","1","0","LOGO显示方式为文字","0"
"0","","0","数据库维护页用例","1","0","清除筛选效果成功","0"
"0","","0","物料齐套结果，订单欠料表，物料欠料表，订单分批齐套，物料供应明细，供需分配明细页用例","1","0","点击导出订单欠料表不报错","0"
"1","","0","采购PO答复测试用例","0","0","添加采购PO信息 不填写数据点击确认 不允许提交","0"
"0","","0","事务管理页用例","1","0","事务模版-新增模版失败，事务类型为服务，填写自定义失败- 自定义值需以http或https开头","0"
"1","","0","配置同步页用例","0","0","同步多个数据导入到多个计划单元成功","0"
"0","","0","标准应用设置测试用例","1","0","设置表格布局-把顺序修改回来","0"
"0","","0","事务管理页用例","1","0","事务模版-新增模版成功，事务类型为存储过程输入名称不输入值,不允许提交","0"
"0","","0","甘特图测试用例","1","0","显示表格成功","0"
"0","","0","工艺产能表测试用例","1","0","查询物料代码成功","0"
"0","","0","主页设置页用例","1","0","新增一个组件成功","0"
"0","","0","标准应用设置测试用例","1","0","添加重复标签名，不允许修改","0"
"0","","0","仓库库位测试用例","1","0","添加仓库库位信息 不填写数据点击确认 不允许提交","0"
"0","","0","甘特图测试用例","1","0","按钮移动后全固定开关可关闭","0"
"0","","0","多语言资源页用例","1","0","修改中英日值成功","0"
"0","","0","物控需求定义页用例","1","0","不填写字段映射不允许添加","0"
"0","","0","计划计算测试用例","1","0","引擎启动为本地","0"
"0","","0","物控方案管理表测试用例","1","0","添加复制方案成功","0"
"0","","0","物控供应定义页用例","1","0","不填写字段映射不允许添加","0"
"0","","0","用户权限管理页用例","1","0","设置用户禁用成功","0"
"0","","0","物控方案管理表测试用例","1","0","添加复制测试方案，配置同步使用","0"
"0","","0","接收数据页用例","1","0","修改中间表名成功","0"
"0","","0","事务管理页用例","1","0","我的流程-删除流程中的事务成功","0"
"0","","0","物料员测试用例","1","0","添加测试数据","0"
"0","","0","环境设置页用例","2","0","排程页面-文本输入框全部输入，保存成功","0"
"0","","0","工序表测试用例","1","0","校验数字文本框和文本框成功","0"
"0","","0","事务管理页用例","1","0","我的流程-频率为每天，点击下一步，再返回上一步，数据没有清空","0"
"0","","0","标准应用设置测试用例","1","0","设置表格布局-物料代码快速查询-输入框","0"
"0","","0","生产报工测试用例","2","0","添加测试数据","0"
"0","","0","PSI设置用例","1","0","修改psi名称重复","0"
"0","","0","计划信息计划评估页测试用例","1","0","日计划报表页面资源代码查询成功","0"
"0","","0","数据库维护页用例","1","0","填写表代码点击保存不允许添加","0"
"0","","0","物控方案管理表测试用例","1","0","向上移动命令","0"
"0","","0","生产日历表测试用例","1","0","过滤条件查询，设置符合结尾查询成功","0"
"0","","0","物料员测试用例","1","0","取消删除数据","0"
"0","","0","物控供应定义页用例","2","0","添加测试数据供应来源编码成功","0"
"0","","0","菜单组件页用例","1","0","查询组件名称包含计划并且排序>3","0"
"0","","0","物料CTB测试用例","1","0","添加采购PO信息 不填写数据点击确认 不允许提交","0"
"0","","0","收货日历表测试用例","1","0","删除数据，删除布局成功","0"
"1","","0","订单进度页用例","0","0","过滤条件查询，设置符合包含查询成功","0"
"0","","0","方案管理表测试用例","1","0","属性设置-分派方向","0"
"0","","0","生产报工测试用例","1","0","添加工作代码 直接点击确定 不允许提交","0"
"0","","0","物品切换表测试用例","1","0","取消删除数据","0"
"0","","0","制造订单表测试用例","1","0","添加数据成功","0"
"0","","0","物料表测试用例","1","0","修改物料代码重复","0"
"0","","0","生产特征切换表测试用例","1","0","删除布局成功","0"
"0","","0","订单预占料测试用例","1","0","没有数据时显示正常","0"
"0","","0","班次表测试用例","1","0","添加数据成功","0"
"0","","0","接收数据页用例","1","0","点击运行日志点击查询不报错,点击导出不报错","0"
"0","","0","物控计算履历页用例","1","0","点击详情点击查询-交付需求明细 不报错","0"
"0","","0","物控需求定义页用例","1","0","添加重复需求来源编码不允许添加","0"
"0","","0","物料表测试用例","1","0","查询物料名称包含A并且物料优先度>0","0"
"0","","0","覆盖日历表测试用例","1","0","时序文本框的校验，当后面的时间段比前面的时间段早，会自动纠正","0"
"1","","0","订单预占料测试用例","0","0","添加交付答复信息 不填写数据点击确认 不允许提交","0"
"0","","0","物料员测试用例","1","0","编辑全部选项成功","0"
"0","","0","事务管理页用例","1","0","流程日志-执行时间搜索成功","0"
"0","","0","事务管理页用例","1","0","流程日志-前往第2页成功","0"
"0","","0","物控计算履历页用例","1","0","点击详情点击查询- 欠料表（订单维度） 不报错","0"
"0","","0","审核日志页用例","1","0","清除筛选效果成功","0"
"0","","0","工作和任务表测试用例","1","0","工作关联明细页面刷新成功","0"
"0","","0","物料替代页用例","1","0","清除筛选效果成功","0"
"0","","0","字典页用例","1","0","添加同一个分类枚举值，枚举值不同，添加成功","0"
"0","","0","收货日历表测试用例","1","0","查询收货场所成功","0"
"0","","0","用户权限管理页用例","1","0","角色有用户使用不允许删除","0"
"0","","0","客户表测试用例","1","0","刷新成功","0"
"0","","0","系统工具箱页用例","1","0","填写加密内容，加密秘钥，加密成功","0"
"0","","0","订单预占料测试用例","1","0","过滤刷新成功","0"
"0","","0","事务管理页用例","1","0","事务模版-添加模版数据重复","0"
"0","","0","工具栏按钮管理页用例","1","0","添加重复按钮代码不允许添加","0"
"1","","0","应用管理页用例","0","0","新增空白应用成功","0"
"0","","0","物料表测试用例","1","0","修改物料代码成功","0"
"0","","0","物料齐套结果，订单欠料表，物料欠料表，订单分批齐套，物料供应明细，供需分配明细页用例","1","0","点击查询物料供应明细不报错","0"
"0","","0","物料表测试用例","1","0","没有数据时显示正常","0"
"0","","0","资源组表测试用例","1","0","刷新成功","0"
"0","","0","生产特征切换表测试用例","1","0","添加资源切换信息 填写资源，前生产特征和后生产特征 不填写切换时间 不允许提交","0"
"0","","0","物料替代页用例","1","0","过滤条件查询，一个不选，显示正常","0"
"0","","0","生产特征切换表测试用例","4","0","删除数据成功","0"
"0","","0","事务管理页用例","1","0","我的流程-频率为每天，执行顺序为每天执行一次，保存成功","0"
"0","","0","配置同步页用例","1","0","同步单个数据导入成功","0"
"0","","0","供应商信息测试用例","1","0","添加数据成功","0"
"0","","0","模块管理页用例","1","0","过滤条件查询，设置符合结尾查询成功","0"
"0","","0","覆盖日历表测试用例","1","0","取消删除数据","0"
"0","","0","甘特图测试用例","4","0","按钮显示文字开关可关闭","0"
"0","","0","菜单组件页用例","1","0","添加重复组件代码不允许添加","0"
"0","","0","工作和任务表测试用例","1","0","工作关联明细页面查询订单编号成功","0"
"0","","0","导入设置页用例","1","0","设置导入方案勾选工序成功","0"
"0","","0","物控供应定义页用例","1","0","新增直接点击保存不允许添加","0"
"0","","0","配置同步页用例","1","0","清除筛选效果成功","0"
"0","","0","标准应用设置测试用例","1","0","在测试布局A添加的统计图，显示在布局A，也显示在其他布局中","0"
"0","","0","个人设置测试用例","1","0","环境设置为服务器，个人设置本地引擎打开方式ip和web服务禁止选中","0"
"0","","0","事务管理页用例","1","0","我的流程-频率为一次，不填写执行时间，不允许点击下一步","0"
"0","","0","配置同步页用例","1","0","过滤条件查询，设置包含条件查询成功","0"
"0","","0","资源组表测试用例","1","0","把修改后的资源组代码改回来","0"
"0","","0","物料CTB测试用例","1","0","取消删除数据","0"
"0","","0","主页设置页用例","1","0","保存模版,不输入名称，点击确定，弹出提示不允许保存","0"
"0","","0","工艺产能表测试用例","1","0","添加数据重复","0"
"0","","0","PSI设置用例","1","0","清除筛选效果成功","0"
"0","","0","主页设置页用例","1","0","刷新页面，不点击保存，则修改的内容不保存","0"
"0","","0","导入设置页用例","1","0","点击复制方案，只输入源方案，不允许保存","0"
"0","","0","生产特征切换表测试用例","1","0","生产特征10切换增删查改","0"
"0","","0","标准应用设置测试用例","1","0","标签功能生效","0"
"0","","0","供应商信息测试用例","1","0","新增全部数据测试","0"
"0","","0","方案管理表测试用例","1","0","属性设置-新增资源选择策略-不允许命名一致","0"
"0","","0","个人设置测试用例","1","0","切换系统语言-汉语","0"
"0","","0","资源组表测试用例","1","0","添加资源组信息，只填写资源代码，不填写资源名称，不允许提交","0"
"0","","0","物品切换表测试用例","1","0","数字文本框 只允许填写数字","0"
"0","","0","用户权限管理页用例","1","0","查询用户代码成功","0"
"0","","0","资源表测试用例","1","0","修改资源代码成功","0"
"0","","0","资源表测试用例","1","0","修改资源代码重复","0"
"0","","0","计划信息计划评估页测试用例","1","0","计划评估仪表盘打开不报错","0"
"0","","0","在途库存测试用例","1","0","添加在途库存信息，只填写在途数量，不填写在途库存单据号等，不允许提交","0"
"0","","0","方案管理表测试用例","1","0","删除命令成功","0"
"0","","0","环境设置页用例","1","0","排程页面-校验所有数字输入框-不输入不允许保存，输入框颜色改变","0"
"0","","0","生产特征切换表测试用例","1","0","生产特征9切换增删查改","0"
"0","","0","导航栏测试用例","1","0","导航栏刷新功能成功","0"
"0","","0","个人设置测试用例","1","0","修改密码不符合标准,不允许包含用户名","0"
"0","","0","甘特图测试用例","1","0","按钮变更使用时间开关可关闭","0"
"0","","0","资源表测试用例","1","0","把修改后的资源代码改回来","0"
"0","","0","表达式管理页用例","1","0","修改表达式成功","0"
"0","","0","模块管理页用例","1","0","查询模块名称包含计划并且排序>3","0"
"0","","0","计划信息计划评估页测试用例","1","0","计划评估页面过滤查询成功","0"
"0","","0","环境设置页用例","1","0","周期页面-输入工作日的起始时间和计划基准时间-保存成功","0"
"0","","0","物料员测试用例","1","0","添加数据重复","0"
"0","","0","方案管理表测试用例","1","0","属性设置-启用原料库存制约","0"
"0","","0","生产日历表测试用例","1","0","删除布局成功","0"
"0","","0","方案管理表测试用例","1","0","没有选中行 添加命令 添加失败","0"
"0","","0","导入设置页用例","1","0","输入重复名称，不允许保存","0"
"0","","0","班次表测试用例","1","0","第一个时间数字框超过23默认为23，第二个时间数字框超过24默认为24","0"
"0","","0","工序表测试用例","1","0","添加工序信息，只填写工序名，不填写工序代码，不允许提交","0"
"0","","0","物品切换表测试用例","1","0","删除布局成功","0"
"0","","0","用户与物料员测试用例","1","0","添加数据重复","0"
"0","","0","物料库存测试用例","1","0","把修改后的物料代码改回来","0"
"0","","0","物料库存测试用例","1","0","取消删除数据","0"
"0","","0","收货班次测试用例","1","0","删除测试数据成功","0"
"0","","0","审核日志页用例","1","0","点击导出成功","0"
"0","","0","制造订单表测试用例","1","0","查询计划数量>100","0"
"0","","0","个人设置测试用例","1","0","修改密码不符合标准,新密码不能包含旧密码","0"
"0","","0","制造订单表测试用例","1","0","添加测试数据成功","0"
"1","","0","字典页用例","0","0","添加字典成功","0"
"0","","0","菜单组件页用例","1","0","过滤条件查询，一个不选，显示正常","0"
"0","","0","工具栏按钮管理页用例","1","0","没有数据时显示正常","0"
"0","","0","覆盖日历表测试用例","1","0","输入全部数据，添加保存成功","0"
"0","","0","工作和任务表测试用例","1","0","工作需求明细页面查询订单编号成功","0"
"0","","0","方案管理表测试用例","1","0","删除测试方案","0"
"0","","0","角色管理页用例","2","0","添加测试数据","0"
"0","","0","收货场所测试用例","1","0","添加收货场所信息 不填写数据点击确认 不允许提交","0"
"0","","0","收货日历表测试用例","1","0","数字文本框 只允许填写数字","0"
"0","","0","产品注册页用例","1","0","下载申请文件不报错，点击注销按钮不报错","0"
"0","","0","客户表测试用例","1","0","校验数字文本框和文本框成功","0"
"0","","0","标准应用设置测试用例","1","0","设置表格布局-制造订单交货期查询-日期范围","0"
"0","","0","工艺产能表测试用例","1","0","添加数据成功","0"
"0","","0","标准应用设置测试用例","1","0","添加折线统计图 添加成功","0"
"0","","0","物品切换表测试用例","1","0","修改物品切换优先度成功","0"
"0","","0","用户权限管理页用例","1","0","删除计划单元，删除布局成功","0"
"0","","0","事务管理页用例","1","0","我的流程-点击查看成功","0"
"0","","0","应用管理页用例","1","0","使用模版，更新模版成功","0"
"0","","0","接收数据页用例","1","0","添加测试数据成功","0"
"0","","0","表达式管理页用例","1","0","过滤条件查询，一个不选，显示正常","0"
"0","","0","物控供应定义页用例","1","0","添加重复供应来源编码不允许添加","0"
"0","","0","仓库库位测试用例","1","0","查询工厂代码成功","0"
"0","","0","仓库库位测试用例","1","0","筛选刷新成功","0"
"2","","0","配置同步页用例","0","0","同步多个计划方案到多个计划单元成功","0"
"0","","0","生产特征表测试用例","1","0","生产特征7增删查改","0"
"0","","0","PSI设置用例","1","0","过滤条件查询，设置包含条件查询成功","0"
"0","","0","资源切换表测试用例","1","0","删除数据","0"
"0","","0","订单预占料测试用例","1","0","取消删除数据","0"
"0","","0","生产报工测试用例","1","0","弹出是否删除工作，点击取消不会删除数据","0"
"0","","0","未领料明细测试用例","1","0","编辑全部选项成功","0"
"0","","0","制造订单表测试用例","1","0","没有数据时显示正常","0"
"0","","0","工具栏按钮管理页用例","1","0","新增只填写按钮代码点击保存不允许添加","0"
"0","","0","用户权限管理页用例","1","0","校验密码和确认密码不符合标准,密码长度最小为8","0"
"0","","0","用户权限管理页用例","1","0","校验密码和确认密码不符合标准,密码首位字符不允许为空格字","0"
"0","","0","工具栏按钮管理页用例","1","0","过滤条件查询，设置包含条件查询成功","0"
"0","","0","用户权限管理页用例","1","0","添加用户重复","0"
"0","","0","接收数据页用例","1","0","添加重复接口名称不允许添加","0"
"0","","0","主页设置页用例","1","0","保存模版,点击取消，不会保存模版","0"
"0","","0","个人设置测试用例","1","0","切换后重新启动，设置不变，切换回常用风格","0"
"0","","0","供应商信息测试用例","1","0","修改供应商代码重复","0"
"0","","0","角色管理页用例","1","0","清除筛选效果成功","0"
"0","","0","计划单元页用例","1","0","不允许修改计划单元和模版名称","0"
"0","","0","客户表测试用例","1","0","添加客户信息，只填写客户代码，不填写客户名称，不允许提交","0"
"0","","0","资源切换表测试用例","1","0","添加资源切换信息 填写资源不填写前资源和后资源 不允许提交","0"
"0","","0","计划单元页用例","1","0","没有数据时显示正常","0"
"0","","0","资源切换表测试用例","1","0","删除全部数据功","0"
"0","","0","标准应用设置测试用例","1","0","添加柱状统计图 输入重复的表名 点击确认 添加失败","0"
"0","","0","标准应用设置测试用例","1","0","修改统计图名称重复，修改失败","0"
"0","","0","计划单元页用例","1","0","下载成功","0"
"0","","0","事务管理页用例","1","0","我的流程-不填写数据点击下一步，不允许进入","0"
"1","","0","配置同步页用例","0","0","同步1个数据导入到多个计划单元成功","0"
"0","","0","环境设置页用例","1","0","周期页面-校验所有数字输入框-不输入不允许保存，输入框颜色改变","0"
"0","","0","标准应用设置测试用例","1","0","设置表格布局-设置物料组代码自定义显示改为之前的值","0"
"0","","0","覆盖日历表测试用例","1","0","时序文本框的校验，只填写一个时间，文本框爆红","0"
"0","","0","个人设置测试用例","1","0","打开引擎为IP","0"
"0","","0","计划单元页用例","1","0","添加重复名称，不允许添加","0"
"0","","0","用户权限管理页用例","1","0","点击输入用户代码和用户名称，密码和确认密码，点击保存，不允许保存","0"
"0","","0","标准应用设置测试用例","1","0","添加柱状统计图 输入图表名 输入Y轴 分组 点击确认 添加成功","0"
"0","","0","物控方案管理表测试用例","1","0","没有选中行 添加命令 不允许添加","0"
"0","","0","方案管理表测试用例","1","0","添加复制方案成功","0"
"0","","0","用户权限管理页用例","1","0","点击只输入用户代码和用户名称点击保存，不允许保存","0"
"0","","0","订单预占料测试用例","1","0","新增全部数据测试","0"
"0","","0","物控供应定义页用例","1","0","过滤查供应来源编码成功","0"
"0","","0","事务管理页用例","1","0","事务模版-新增模版成功，事务类型为服务，填写自定义成功- 自定义值以http开头","0"
"0","","0","工具栏按钮管理页用例","1","0","新增直接点击保存不允许添加","0"
"0","","0","个人设置测试用例","1","0","切换系统语言-日语","0"
"0","","0","物控需求定义页用例","2","0","添加测试数据需求来源编码成功","0"
"0","","0","接口配置分发页用例","1","0","添加测试数据成功","0"
"0","","0","收货场所测试用例","1","0","没有数据时显示正常","0"
"0","","0","资源组表测试用例","1","0","修改资源组名称，资源量制约","0"
"0","","0","角色管理页用例","1","0","点击新增不输入数据点击保存，不允许保存","0"
"0","","0","资源表测试用例","1","0","添加资源信息，只填写资源名称，不填写资源代码，不允许提交","0"
"0","","0","菜单组件页用例","1","0","添加菜单成功","0"
"0","","0","班次表测试用例","1","0","添加测试数据成功","0"
"0","","0","覆盖日历表测试用例","1","0","重新打开浏览器，数据还存在","0"
"0","","0","工艺产能表测试用例","1","0","修改工艺产能工序代码","0"
"0","","0","物料组表测试用例","1","0","删除测试数据成功，删除布局成功","0"
"0","","0","在途库存测试用例","1","0","删除测试数据成功","0"
"0","","0","标准应用设置测试用例","1","0","添加雷达统计图 添加成功","0"
"0","","0","配置同步页用例","1","0","删除psi，计划方案，导入设置，计划单元所有数据成功","0"
"0","","0","环境设置页用例","1","0","排程页面-所有复选框都勾选，并且保存成功","0"
"0","","0","审核日志页用例","1","0","过滤条件查询，设置符合开头查询成功","0"
"0","","0","配置同步页用例","1","0","过滤条件查询，设置符合开头查询成功","0"
"0","","0","字典页用例","1","0","编辑分类，列表会增加","0"
"0","","0","工具栏按钮管理页用例","1","0","查询按钮名称包含上传成功","0"
"0","","0","客户表测试用例","1","0","查询客户名字成功","0"
"0","","0","物料替代页用例","1","0","只添加替代场景父料号不允许添加","0"
"0","","0","在途库存测试用例","1","0","修改物料员代码成功","0"
"0","","0","系统标识设置页用例","1","0","LOGO显示方式为仅显示图标","0"
"0","","0","供应商配额测试用例","1","0","取消删除数据","0"
"0","","0","工作和任务表测试用例","1","0","任务明细页面查询工作编号成功","0"
"0","","0","接口执行页用例","1","0","过滤条件查询，一个不选，显示正常","0"
"0","","0","事务管理页用例","1","0","我的流程-查询流程名称成功","0"
"0","","0","标准应用设置测试用例","1","0","添加柱状统计图 切换数据源 点击确认 添加成功","0"
"0","","0","工具栏按钮管理页用例","1","0","过滤条件查询，一个不选，显示正常","0"
"0","","0","MRP需求计划表，MRP关联明细，请购单生成，计划单生成，请购单列表，工单列表页用例","1","0","点击查询请购单生成不报错","0"
"0","","0","审核日志页用例","1","0","过滤条件查询，设置包含条件查询成功","0"
"0","","0","删除添加的物品，添加的工艺产能，添加的制造订单,删除工作指示测试用例","1","0","删除生产特征切换2-10数据","0"
"0","","0","制造订单表测试用例","1","0","盘点库存增删查改","0"
"0","","0","工具栏按钮管理页用例","1","0","新增填写按钮代码和按钮名称点击保存不允许添加","0"
"0","","0","物料CTB测试用例","1","0","添加测试数据","0"
"0","","0","删除添加的物品，添加的工艺产能，添加的制造订单,删除工作指示测试用例","1","0","删除计划需求，盘点库存，调整库存数据","0"
"0","","0","在途库存测试用例","1","0","刷新成功","0"
"0","","0","收货场所测试用例","1","0","编辑全部选项成功","0"
"0","","0","收货场所测试用例","1","0","添加必填数据成功","0"
"0","","0","生产特征切换表测试用例","2","0","添加数据成功","0"
"0","","0","仓库库位测试用例","1","0","新增全部数据测试","0"
"0","","0","工具栏按钮管理页用例","1","0","修改按钮名称和图标成功","0"
"0","","0","事务管理页用例","1","0","事务模版-查询事务描述成功","0"
"0","","0","物料表测试用例","1","0","查询物料代码成功","0"
"0","","0","表达式管理页用例","1","0","新增直接点击保存不允许添加","0"
"0","","0","生产特征表测试用例","1","0","查询名称包含1并且显示顺序>10","0"
"0","","0","事务管理页用例","1","0","流程日志-事务搜索成功","0"
"0","","0","个人设置测试用例","1","0","不操作自动退出-输入超过86400数字为86400","0"
"0","","0","角色管理页用例","1","0","点击取消不会修改数据","0"
"0","","0","标准应用设置测试用例","1","0","标签设置不显示在快速查询下放","0"
"0","","0","应用管理页用例","1","0","过滤条件查询，设置符合开头查询成功","0"
"0","","0","资源表测试用例","1","0","数字文本框 只允许填写数字","0"
"0","","0","生产特征表测试用例","1","0","输入全部数据，添加保存成功","0"
"0","","0","标准应用设置测试用例","1","0","设置表格布局-设置物料优先度表尾内容为求和","0"
"0","","0","登录页面测试用例","1","0","登录成功","0"
"0","","0","导航栏测试用例","1","0","取消收藏页面成功","0"
"0","","0","资源切换表测试用例","1","0","数字文本框 只允许填写数字","0"
"0","","0","计划信息计划评估页测试用例","1","0","计划消息页面刷新成功","0"
"0","","0","系统标识设置页用例","1","0","校验数字文本框最大只能输入9999999999","0"
"0","","0","在途库存测试用例","1","0","取消删除数据","0"
"0","","0","制造订单表测试用例","1","0","数字文本框 只允许填写数字","0"
"0","","0","班次表测试用例","1","0","输入全部数据，添加保存成功","0"
"0","","0","物料BOM测试用例","1","0","修改数据重复","0"
"0","","0","导入设置页用例","1","0","点击新增方案成功","0"
"0","","0","配置同步页用例","1","0","查询资源成功","0"
"0","","0","在途库存测试用例","1","0","添加数据成功","0"
"0","","0","角色管理页用例","1","0","过滤条件查询，设置符合结尾查询成功","0"
"0","","0","方案管理表测试用例","1","0","向上移动命令","0"
"0","","0","接口执行页用例","1","0","点击接口运行日志查询成功","0"
"0","","0","班次表测试用例","1","0","添加班次信息 不填写数据点击确认 不允许提交","0"
"0","","0","菜单组件页用例","1","0","过滤条件查询，设置包含条件查询成功","0"
"0","","0","主页设置页用例","1","0","新增全部组件成功","0"
"0","","0","事务管理页用例","1","0","我的流程-修改频率成功","0"
"0","","0","工艺产能表测试用例","1","0","添加工艺产能信息，只填写物料，工序选定器和工序编号，输入指令，新增成功,校验文本框","0"
"0","","0","事务管理页用例","1","0","事务模版-新增模版成功，事务类型为接口，添加成功","0"
"0","","0","物品切换表测试用例","1","0","删除数据","0"
"0","","0","事务管理页用例","1","0","我的流程-修改事务模版成功","0"
"0","","0","未领料明细测试用例","1","0","添加测试数据","0"
"0","","0","事务管理页用例","1","0","事务模版-新增模版成功，事务类型为存储过程不填写点击确定,不允许提交","0"
"0","","0","供应商配额测试用例","2","0","删除数据成功","0"
"0","","0","资源表测试用例","1","0","添加资源信息 不填写数据点击确认 不允许提交","0"
"0","","0","PSI设置用例","1","0","只输入名称，点击增加不允许添加","0"
"0","","0","供应商信息测试用例","1","0","添加数据重复","0"
"0","","0","制造订单表测试用例","1","0","添加制造订单信息，填写制造订单和物料，不填写交货期，不允许提交，并且增加一个判断上一个用例默认启动布局是否成功","0"
"0","","0","模块管理页用例","1","0","查询模块代码成功","0"
"0","","0","系统标识设置页用例","1","0","设置平台登录为全部登录","0"
"0","","0","生产特征表测试用例","1","0","没有数据时显示正常","0"
"0","","0","个人设置测试用例","1","0","打开引擎为系统设置-web服务器","0"
"0","","0","数据库维护页用例","1","0","编辑字段代码不允许重复","0"
"0","","0","收货班次测试用例","1","0","取消删除数据","0"
"0","","0","物料BOM测试用例","1","0","添加测试数据","0"
"0","","0","系统工具箱页用例","1","0","填写解密内容，解密秘钥，解密成功","0"
"0","","0","菜单组件页用例","1","0","查询组件代码成功","0"
"0","","0","模块管理页用例","1","0","修改模块名称和排序成功","0"
"0","","0","配置同步页用例","2","0","同步多个计划方案到一个计划单元成功","0"
"0","","0","采购PO答复测试用例","1","0","添加交付需求明细信息，有多个必填只填写一项，不允许提交","0"
"0","","0","资源切换表测试用例","1","0","输入全部数据，添加保存成功","0"
"0","","0","主页设置页用例","1","0","主页模版中没有改模版不会显示该模版","0"
"0","","0","工序表测试用例","1","0","查询工序名字包含1查询成功","0"
"0","","0","接收数据页用例","1","0","过滤条件查询，一个不选，显示正常","0"
"0","","0","资源切换表测试用例","1","0","添加资源切换信息 填写前资源和后资源不填写资源 不允许提交","0"
"0","","0","制造订单表测试用例","1","0","修改制造订单代码成功","0"
"0","","0","PSI设置用例","1","0","查询1测试psi1成功","0"
"0","","0","订单预占料测试用例","1","0","修改数据重复","0"
"0","","0","主页设置页用例","2","0","添加测试模版","0"
"0","","0","物料员测试用例","1","0","查询物料员代码成功","0"
"0","","0","模块管理页用例","1","0","新增模块代码和模块名称点击保存不允许添加","0"
"0","","0","物控方案管理表测试用例","1","0","添加物控方案管理信息 不填写数据点击确认 不允许提交","0"
"0","","0","角色管理页用例","1","0","过滤条件查询，一个不选，显示正常","0"
"0","","0","标准应用设置测试用例","1","0","设置表格布局-制造订单交货期查询-日期","0"
"0","","0","方案管理表测试用例","1","0","属性设置-严格遵守后资源制约-开关开启","0"
"0","","0","收货班次测试用例","1","0","添加必填数据成功","0"
"0","","0","订单预占料测试用例","1","0","修改测试数据成功","0"
"0","","0","物料替代页用例","1","0","添加测试数据单料替代成功","0"
"0","","0","物料组表测试用例","1","0","查询物料组名称包含A或物料优先度>0","0"
"0","","0","导航栏测试用例","1","0","右键关闭所有导航栏成功","0"
"0","","0","配置同步页用例","1","0","同步多个psi到一个计划单元成功","0"
"0","","0","物控供应定义页用例","1","0","过滤条件查询，一个不选，显示正常","0"
"0","","0","计划信息计划评估页测试用例","1","0","计划消息页面查询信息内容成功","0"
"0","","0","资源组表测试用例","1","0","查询资源组名字成功","0"
"0","","0","工作进度页用例","1","0","过滤条件查询，设置符合包含查询成功","0"
"0","","0","未领料明细测试用例","1","0","添加数据重复","0"
"0","","0","PSI设置用例","1","0","输入名称和筛选方法，点击增加不允许添加","0"
"0","","0","客户表测试用例","1","0","下拉框选择成功","0"
"0","","0","事务管理页用例","1","0","我的流程-添加流程什么都不填点击保存，不允许保存","0"
"0","","0","工艺产能表测试用例","1","0","删除输入指令成功","0"
"0","","0","工作和任务表测试用例","1","0","工作关联明细页面过滤条件查询，设置包含条件查询成功","0"
"0","","0","甘特图测试用例","1","0","资源甘特图-使用指令棒文本格式表达式","0"
"0","","0","标准应用设置测试用例","1","0","添加漏斗统计图 添加成功","0"
"0","","0","资源切换表测试用例","1","0","添加资源切换信息 填写资源，前资源和后资源 不填写切换时间 不允许提交","0"
"0","","0","工作和任务表测试用例","1","0","工作明细页面编辑制造数量成功","0"
"0","","0","物料齐套结果，订单欠料表，物料欠料表，订单分批齐套，物料供应明细，供需分配明细页用例","1","0","点击查询订单齐套结果不报错","0"
"0","","0","事务管理页用例","1","0","我的流程-删除测试事务模版数据","0"
"0","","0","事务管理页用例","1","0","事务模版-修改事务名称成功","0"
"0","","0","方案管理表测试用例","1","0","属性设置-时间属性-分派开始时间","0"
"0","","0","生产日历表测试用例","1","0","添加生产日历信息 填写班次填写资源 不填写日期 不允许提交","0"
"0","","0","主页设置页用例","1","0","不添加关联条件不会出现在个人设置中","0"
"0","","0","仓库库位测试用例","1","0","取消删除数据","0"
"0","","0","生产特征表测试用例","1","0","取消删除数据","0"
"0","","0","覆盖日历表测试用例","1","0","时序文本框和资源量的校验，设置为中文分号，文本框爆红","0"
"0","","0","模块管理页用例","1","0","过滤查组件名称成功","0"
"0","","0","应用管理页用例","1","0","过滤条件查询，一个不选，显示正常","0"
"0","","0","标准应用设置测试用例","1","0","添加饼状统计图 添加成功","0"
"0","","0","物料组表测试用例","1","0","查询物料组名字包含A成功","0"
"0","","0","导入设置页用例","1","0","不勾选任何，点击保存不允许保存","0"
"0","","0","个人设置测试用例","1","0","修改密码不符合标准,新密码与确认密码不一致","0"
"0","","0","事务管理页用例","2","0","流程日志-执行执行状态执行成功搜索成功","0"
"0","","0","生产特征切换表测试用例","1","0","添加生产特征切换信息 不填写数据点击确认 不允许提交，添加新布局，","0"
"0","","0","接口配置分发页用例","1","0","不填写数据点击新增不允许保存","0"
"0","","0","物料员测试用例","1","0","添加数据成功","0"
"0","","0","标准应用设置测试用例","1","0","添加测试布局成功","0"
"0","","0","资源表测试用例","1","0","查询资源名称包含1或显示顺序>5","0"
"0","","0","未领料明细测试用例","1","0","取消删除数据","0"
"0","","0","班次表测试用例","1","0","修改时间成功","0"
"0","","0","班次表测试用例","1","0","修改班次代码重复","0"
"0","","0","事务管理页用例","1","0","我的流程-修改名称分类成功","0"
"0","","0","配置同步页用例","1","0","过滤条件查询，设置符合结尾查询成功","0"
"0","","0","计划计算测试用例","1","0","执行成功","0"
"0","","0","系统标识设置页用例","1","0","删除系统图标成功","0"
"0","","0","收货班次测试用例","1","0","添加信息 不填写数据点击确认 不允许提交","0"
"0","","0","班次表测试用例","1","0","第一个时间数字框不允许超过第二个时间数字框 添加失败","0"
"0","","0","工作指示发布表测试用例","1","0","不勾选资源选择时间段，点击查询 不允许查询","0"
"0","","0","资源切换表测试用例","2","0","添加数据成功","0"
"0","","0","计划计算测试用例","1","0","方案管理中计划方案组合框显示开启，显示该方案","0"
"0","","0","方案管理表测试用例","1","0","属性设置-筛选工作","0"
"0","","0","采购PO答复测试用例","1","0","没有数据时显示正常","0"
"0","","0","物料BOM测试用例","1","0","删除测试数据成功","0"
"0","","0","标准应用设置测试用例","1","0","添加透视表布局-添加名称添加显示设置 添加成功","0"
"0","","0","导入设置页用例","1","0","删除方案成功","0"
"0","","0","标准应用设置测试用例","1","0","添加布局成功","0"
"0","","0","覆盖日历表测试用例","1","0","时序文本框和资源量的校验，输入多个时间段和资源量，可通过","0"
"0","","0","用户权限管理页用例","1","0","点击解除所有锁定成功","0"
"0","","0","多语言资源页用例","1","0","过滤条件查询，设置包含条件查询成功","0"
"0","","0","物料组表测试用例","1","0","校验数字文本框和文本框成功","0"
"0","","0","接收数据页用例","1","0","过滤条件查询，设置包含条件查询成功","0"
"0","","0","收货班次测试用例","2","0","删除数据成功","0"
"0","","0","删除添加的物品，添加的工艺产能，添加的制造订单,删除工作指示测试用例","1","0","删除添加的物品，添加的工艺产能，添加的制造订单,删除工作指示","0"
"0","","0","仓库库位测试用例","1","0","添加数据成功","0"
"0","","0","供应商配额测试用例","1","0","过滤刷新成功","0"
"0","","0","方案管理表测试用例","1","0","添加方案管理信息 不填写数据点击确认 不允许提交","0"
"0","","0","字典页用例","1","0","删除数据成功","0"
"1","","0","应用管理页用例","0","0","修改应用点击关闭，弹出弹窗点击无需保存，不保存","0"
"0","","0","物控方案管理表测试用例","1","0","向下移动命令","0"
"0","","0","覆盖日历表测试用例","1","0","删除全部input数据成功","0"
"0","","0","物控计算履历页用例","1","0","点击详情点击查询-订单分批齐套不报错","0"
"0","","0","物控计算履历页用例","1","0","点击详情点击查询-供需分配明细 不报错","0"
"0","","0","生产特征表测试用例","1","0","生产特征3增删查改","0"
"0","","0","资源表测试用例","1","0","查询资源组包含C并且显示顺序>5","0"
"0","","0","生产报工测试用例","1","0","删除超出的报工数量点击删除弹出弹窗，点击否报工状态不会发生变化还是结束状态，但是数据会删除","0"
"0","","0","模块管理页用例","1","0","过滤条件查询，一个不选，显示正常","0"
"0","","0","PSI设置用例","1","0","添加全部成功","0"
"0","","0","物控需求定义页用例","1","0","删除数据成功","0"
"0","","0","物料表测试用例","1","0","查询物料名字包含A成功","0"
"0","","0","物料表测试用例","1","0","数字文本框 只允许填写数字","0"
"0","","0","用户权限管理页用例","1","0","过滤条件查询，设置符合开头查询成功","0"
"0","","0","物控供应定义页用例","1","0","删除数据成功","0"
"1","","0","订单进度页用例","0","0","点击刷新不报错","0"
"0","","0","计划单元页用例","1","0","上传成功","0"
"0","","0","事务管理页用例","1","0","我的流程-频率为每天，执行顺序为间隔执行，保存成功","0"
"0","","0","环境设置页用例","2","0","全体页面-修改全部下拉框，并且保存成功","0"
"0","","0","物控计算履历页用例","1","0","点击查询物控计算单号成功","0"
"0","","0","角色管理页用例","1","0","点击输入角色代码和名称点击保存，不允许保存","0"
"0","","0","用户与物料员测试用例","1","0","修改用户名重复","0"
"0","","0","工序表测试用例","1","0","把修改后的工序代码改回来","0"
"1","","0","物料库存测试用例","0","0","查询物料代码成功","0"
"0","","0","收货日历表测试用例","1","0","修改收货日历收货场所成功","0"
"0","","0","登录页面测试用例","1","0","账户错误 计划单元无选项","0"
"0","","0","物料表测试用例","1","0","添加数据成功","0"
"0","","0","制造订单表测试用例","1","0","删除测试数据成功，删除布局成功","0"
"0","","0","环境设置页用例","1","0","排程页面-校验所有数字输入框-超过最大值为9999999999","0"
"0","","0","角色管理页用例","1","0","过滤条件查询，设置符合开头查询成功","0"
"0","","0","生产日历表测试用例","1","0","添加数据成功 - 日期","0"
"0","","0","物料组表测试用例","1","0","查询物料组名称包含A并且物料优先度>0","0"
"0","","0","字典页用例","1","0","编辑枚举值和名称成功","0"
"0","","0","生产特征表测试用例","1","0","数字文本框 只允许填写数字","0"
"0","","0","数据库维护页用例","1","0","添加字段代码成功","0"
"0","","0","物料组表测试用例","1","0","修改物料组代码重复","0"
"0","","0","甘特图测试用例","1","0","指令筛选可使用","0"
"0","","0","供应商信息测试用例","1","0","添加测试数据","0"
"0","","0","用户权限管理页用例","1","0","点击输入全部数据，不勾选角色，点击保存，不允许保存","0"
"0","","0","物料表测试用例","1","0","下拉框选择成功","0"
"0","","0","事务管理页用例","1","0","我的流程-修改事务模版重复","0"
"0","","0","物品切换表测试用例","2","0","添加物品切换信息 填写资源，前品目和后品目 不填写切换时间 不允许提交","0"
"0","","0","事务管理页用例","1","0","我的流程-频率为每天，下一步重新添加一个事务点击保存，保存成功,并且新添加的事务出现在事务模版中","0"
"0","","0","物料齐套结果，订单欠料表，物料欠料表，订单分批齐套，物料供应明细，供需分配明细页用例","1","0","点击导出物料供应明细不报错","0"
"0","","0","应用管理页用例","1","0","过滤查组件名称成功","0"
"0","","0","菜单组件页用例","1","0","查询组件名称包含计划或物料优先度≥4","0"
"0","","0","系统标识设置页用例","1","0","上传成功系统图标成功","0"
"0","","0","环境设置页用例","2","0","排程页面-修改全部下拉框，并且保存成功","0"
"0","","0","生产特征切换表测试用例","1","0","生产特征6切换增删查改","0"
"0","","0","未领料明细测试用例","1","0","修改测试数据成功","0"
"0","","0","覆盖日历表测试用例","2","0","时序文本框和资源量的校验，设置不合法，文本框爆红","0"
"1","","0","配置同步页用例","0","0","同步多个psi到多个计划单元成功","0"
"0","","0","客户表测试用例","1","0","添加测试数据","0"
"0","","0","生产报工测试用例","2","0","删除数据","0"
"0","","0","收货场所测试用例","1","0","添加测试数据","0"
"0","","0","环境设置页用例","1","0","周期页面-计划基准日期，选择固定日期，保存成功","0"
"0","","0","物控计算履历页用例","1","0","点击查询物控方案名称成功","0"
"0","","0","物料替代页用例","1","0","查询父料号成功","0"
"0","","0","应用管理页用例","1","0","过滤条件查询，设置符合结尾查询成功","0"
"0","","0","数据库维护页用例","1","0","删除字段代码成功","0"
"0","","0","物料组表测试用例","1","0","查询物料组代码成功","0"
"0","","0","供应商信息测试用例","2","0","删除数据成功","0"
"0","","0","客户表测试用例","1","0","把修改后的客户代码改回来","0"
"0","","0","添加物品，添加工艺产能，添加制造订单测试用例","1","0","添加物品，添加工艺产能，添加制造订单进行排产","0"
"0","","0","环境设置页用例","1","0","周期页面-校验所有数字输入框-超过最大值为9999999999","0"
"0","","0","生产日历表测试用例","1","0","过滤条件查询，设置包含条件查询成功","0"
"0","","0","生产特征切换表测试用例","1","0","修改切换优先度成功","0"
"0","","0","工序表测试用例","1","0","数字文本框 只允许填写数字","0"
"1","","0","用户权限管理页用例","0","0","当前用户被锁定，点击解除当前锁定，取消锁定成功","0"
"0","","0","模型设计页用例","1","0","修改名称成功","0"
"0","","0","标准应用设置测试用例","1","0","设置表格布局-设置物料名称为可见","0"
"0","","0","导入设置页用例","1","0","点击执行方案没有报服务器端错误","0"
"0","","0","配置同步页用例","1","0","添加新资源数据，后续使用","0"
"0","","0","制造订单表测试用例","1","0","添加制造订单信息，只填写制造订单名称和交货期和物料，不填写计划数量，不允许提交","0"
"0","","0","物料表测试用例","1","0","取消删除数据","0"
"0","","0","甘特图测试用例","1","0","按钮是否显示工作选择面板开关可关闭","0"
"0","","0","制造订单表测试用例","1","0","查询制造订单代码成功","0"
"0","","0","PSI设置用例","1","0","输入名称和收集条件和筛选方法，添加成功","0"
"0","","0","生产报工测试用例","1","0","添加生产报工完成，继续添加同一个生产报工输入报告数量会弹出提示并且实绩状态变为结束","0"
"0","","0","多语言资源页用例","1","0","修改key值不允许重复","0"
"0","","0","供应商信息测试用例","1","0","没有数据时显示正常","0"
"0","","0","方案管理表测试用例","1","0","向下移动命令","0"
"0","","0","PSI设置用例","1","0","过滤条件查询，一个不选，显示正常","0"
"0","","0","收货日历表测试用例","1","0","添加收货日历信息 不填写数据点击确认 不允许提交","0"
"0","","0","标准应用设置测试用例","1","0","不填写布局名称，添加失败","0"
"0","","0","计划信息计划评估页测试用例","1","0","日计划报表页面订单代码查询成功","0"
"0","","0","接口配置分发页用例","1","0","修改访问地址成功","0"
"0","","0","物料员测试用例","1","0","把修改后的供应商代码改回来","0"
"0","","0","表达式管理页用例","1","0","新增只填写名称点击保存不允许添加","0"
"0","","0","班次表测试用例","1","0","重新打开浏览器，数据还存在","0"
"0","","0","事务管理页用例","1","0","我的流程-频率为一次，填写时间设置，保存成功","0"
"0","","0","用户权限管理页用例","1","0","校验密码和确认密码不符合标准,密码长度最大为30","0"
"0","","0","生产特征切换表测试用例","1","0","生产特征5切换增删查改","0"
"0","","0","接口配置分发页用例","1","0","过滤条件查询，设置包含条件查询成功","0"
"0","","0","事务管理页用例","1","0","事务模版-新增模版成功，事务类型为服务，填写自定义成功- 自定义值以https开头","0"
"0","","0","工作指示发布表测试用例","1","0","勾选资源，不选择时间段，点击查询 不允许查询","0"
"0","","0","物料组表测试用例","1","0","查询物料优先度>0","0"
"0","","0","工序表测试用例","1","0","删除测试数据成功，删除布局","0"
"0","","0","覆盖日历表测试用例","1","0","添加覆盖日历信息 不填写数据点击确认 不允许提交，增加布局","0"
"0","","0","班次表测试用例","1","0","删除数据成功,删除数据删除布局成功","0"
"0","","0","物料CTB测试用例","1","0","删除测试数据成功","0"
"0","","0","物控需求定义页用例","1","0","过滤条件查询，一个不选，显示正常","0"
"0","","0","采购PO答复测试用例","1","0","添加数据重复","0"
"0","","0","采购PO答复测试用例","1","0","新增全部数据测试","0"
"0","","0","模块管理页用例","1","0","新增重复，不允许添加","0"
"0","","0","资源表测试用例","1","0","取消删除数据","0"
"0","","0","生产日历表测试用例","1","0","重新打开浏览器，数据还存在","0"
"0","","0","多语言资源页用例","1","0","清除筛选效果成功","0"
"0","","0","物控计算履历页用例","1","0","点击日志不报错","0"
"0","","0","工艺产能表测试用例","1","0","修改工艺产能输入物料","0"
"0","","0","多语言资源页用例","1","0","新增填写key值和中英文点击保存不允许添加","0"
"0","","0","物料组表测试用例","1","0","没有数据时显示正常","0"
"0","","0","采购PO答复测试用例","1","0","修改数据重复","0"
"0","","0","应用管理页用例","1","0","清除筛选效果成功","0"
"0","","0","方案管理表测试用例","1","0","属性设置-分派方法","0"
"0","","0","物料CTB测试用例","1","0","添加数据重复","0"
"0","","0","接口执行页用例","1","0","勾选数据点击执行成功","0"
"0","","0","PSI设置用例","1","0","不输入值，点击增加不允许添加","0"
"0","","0","数据库维护页用例","1","0","同步单表成功","0"
"0","","0","标准应用设置测试用例","1","0","设置表格布局默认启动-成功","0"
"0","","0","PSI设置用例","1","0","过滤条件查询，设置符合开头查询成功","0"
"0","","0","方案管理表测试用例","2","0","属性设置-新增资源选择策略","0"
"0","","0","收货日历表测试用例","1","0","修改收货日历班次成功","0"
"0","","0","供应商配额测试用例","1","0","没有数据时显示正常","0"
"0","","0","收货场所测试用例","2","0","删除数据成功","0"
"0","","0","工序表测试用例","1","0","查询工序代码成功","0"
"0","","0","方案管理表测试用例","1","0","属性设置-分派资源","0"
"0","","0","计划单元页用例","1","0","添加标准计划单元成功","0"
"0","","0","生产日历表测试用例","1","0","查询资源成功","0"
"1","","0","用户权限管理页用例","0","0","删除角色成功","0"
"0","","0","资源表测试用例","1","0","校验数字文本框和文本框成功","0"
"0","","0","物料表测试用例","1","0","添加数据重复","0"
"0","","0","用户权限管理页用例","1","0","删除用户成功","0"
"0","","0","物控需求定义页用例","1","0","新增直接点击保存不允许添加","0"
"0","","0","制造订单表测试用例","1","0","取消删除数据","0"
"1","","0","导入设置页用例","0","0","编辑方案成功，取消勾选客户，勾选工序成功。右键映射点击确定不报错，点击方案不报错","0"
"0","","0","环境设置页用例","1","0","周期页面-校验所有数字输入框-只允许输入数字","0"
"0","","0","物料替代页用例","1","0","过滤查替代类别成功","0"
"0","","0","物控需求定义页用例","1","0","添加需求来源编码成功","0"
"0","","0","物料表测试用例","1","0","查询物料名称包含A或物料优先度≥1","0"
"0","","0","方案管理表测试用例","1","0","属性设置-分派停止条件式","0"
"0","","0","产品注册页用例","1","0","不填写注册号码点击确定不允许保存","0"
"0","","0","物料库存测试用例","1","0","添加数据重复","0"
"0","","0","表达式管理页用例","1","0","添加表达式管理重复不允许添加","0"
"0","","0","MRP需求计划表，MRP关联明细，请购单生成，计划单生成，请购单列表，工单列表页用例","1","0","点击创建请购请购单生成不报错","0"
"0","","0","用户权限管理页用例","2","0","校验数字文本框和文本框","0"
"0","","0","订单预占料测试用例","1","0","添加交付需求明细信息，有多个必填只填写一项，不允许提交","0"
"0","","0","生产特征表测试用例","1","0","生产特征10增删查改","0"
"0","","0","物料员测试用例","2","0","删除数据成功","0"
"0","","0","甘特图测试用例","1","0","图棒-显示颜色","0"
"0","","0","计划单元页用例","1","0","添加计划单元 填写计划单元，不填写名称和模版 不允许提交","0"
"0","","0","收货日历表测试用例","1","0","添加收货日历信息 填写班次不填写收货场所 不允许提交","0"
"0","","0","模块管理页用例","1","0","新增模块代码成功","0"
"0","","0","用户权限管理页用例","1","0","校验密码和确认密码不符合标准,输入中文","0"
"0","","0","模型设计页用例","1","0","新增模型成功","0"
"0","","0","物料齐套结果，订单欠料表，物料欠料表，订单分批齐套，物料供应明细，供需分配明细页用例","1","0","点击查询订单欠料表不报错","0"
"0","","0","物控供应定义页用例","1","0","过滤条件查询，设置符合结尾查询成功","0"
"0","","0","菜单组件页用例","1","0","新增填写代码和名称点击保存不允许添加","0"
"0","","0","资源表测试用例","1","0","查询资源代码成功","0"
"0","","0","应用管理页用例","1","0","数字文本框 只允许填写数字","0"
"0","","0","主页设置页用例","1","0","切换模版点击保存再点击确定，修改的内容保存","0"
"0","","0","资源切换表测试用例","1","0","刷新成功","0"
"0","","0","物控供应定义页用例","1","0","查询数据库名称成功","0"
"0","","0","工序表测试用例","1","0","添加数据成功","0"
"0","","0","资源组表测试用例","1","0","查询资源组代码成功","0"
"0","","0","应用管理页用例","1","0","修改排序成功","0"
"0","","0","生产日历表测试用例","1","0","刷新成功","0"
"0","","0","生产日历表测试用例","1","0","添加生产日历信息 填写资源不填写班次 不允许提交","0"
"0","","0","审核日志页用例","1","0","查询用户代码功","0"
"0","","0","收货班次测试用例","1","0","修改测试数据成功","0"
"0","","0","标准应用设置测试用例","1","0","添加透视表布局-添加名称点击确定 添加成功","0"
"0","","0","客户表测试用例","1","0","查询客户名称包含美并且显示顺序<10","0"
"0","","0","数据库维护页用例","1","0","同步所有表成功","0"
"0","","0","模块管理页用例","1","0","查询模块名称包含计划或排序≥4","0"
"0","","0","制造订单表测试用例","1","0","添加制造订单信息，只填写制造订单名称和交货期，不填写物料，不允许提交","0"
"0","","0","环境设置页用例","1","0","全体页面-所有复选框都点击取消勾选，并且保存成功","0"
"0","","0","配置同步页用例","1","0","不勾选单元点击同步弹出错误提示","0"
"0","","0","供应商信息测试用例","1","0","添加供应商信息信息，只填写供应商代码，不填写联系人，不允许提交","0"
"0","","0","物料CTB测试用例","1","0","编辑全部选项成功","0"
"0","","0","物料组表测试用例","1","0","把修改后的物料组代码改回来","0"
"0","","0","用户权限管理页用例","1","0","校验密码和确认密码不符合标准,不能包含特殊字符:<>')+/","0"
"0","","0","物料库存测试用例","1","0","添加物料库存信息，只填写物料代码，不填写仓库代码等，不允许提交","0"
"0","","0","收货班次测试用例","1","0","添加测试数据","0"
"0","","1","在途库存测试用例","0","0","添加库存信息 不填写数据点击确认 不允许提交","0"
"0","","0","PSI设置用例","1","0","过滤条件查询，设置符合结尾查询成功","0"
"0","","0","采购PO答复测试用例","2","0","删除数据成功","0"
"0","","0","资源切换表测试用例","1","0","添加数据重复","0"
"0","","0","物料齐套结果，订单欠料表，物料欠料表，订单分批齐套，物料供应明细，供需分配明细页用例","1","0","点击导出物料欠料表不报错","0"
"0","","0","标准应用设置测试用例","1","0","设置透视表格布局-设置为不显示布局","0"
"0","","0","标准应用设置测试用例","1","0","设置表格布局-物料种类快速查询-下拉框","0"
"0","","0","覆盖日历表测试用例","1","0","查询资源成功","0"
"0","","0","物控供应定义页用例","1","0","清除筛选效果成功","0"
"0","","0","方案管理表测试用例","1","0","属性设置-筛选订单","0"
"0","","0","物控供应定义页用例","1","0","过滤条件查询，设置包含条件查询成功","0"
"0","","0","工序表测试用例","1","0","添加测试数据成功","0"
"0","","0","物料替代页用例","1","0","查询被替代子项料号成功","0"
"0","","0","在途库存测试用例","1","0","新增全部数据测试","0"
"0","","0","方案管理表测试用例","1","0","属性设置-分派规则-升序","0"
"0","","0","资源组表测试用例","1","0","添加资源组信息，只填写资源名称，不填写资源代码，不允许提交","0"
"0","","0","物料表测试用例","1","0","把修改后的物料代码改回来","0"
"0","","0","配置同步页用例","1","0","重复同步同一个数据导入不会报错，会继续同步","0"
"0","","0","事务管理页用例","1","0","我的流程-新增流程中一个事务成功","0"
"0","","0","资源组表测试用例","1","0","代码设计器选择成功，并且没有乱码","0"
"0","","0","计划信息计划评估页测试用例","1","0","日计划报表页面资源代码和物料代码查询成功","0"
"0","","0","生产特征表测试用例","1","0","查询显示顺序>10","0"
"0","","0","方案管理表测试用例","1","0","添加2个命令成功","0"
"0","","0","标准应用设置测试用例","1","0","添加测试标签","0"
"0","","0","审核日志页用例","1","0","点击查询默认显示当天有异常数据","0"
"0","","0","物料组表测试用例","1","0","取消删除数据","0"
"0","","0","生产日历表测试用例","1","0","过滤条件查询，设置符合开头查询成功","0"
"0","","0","物控供应定义页用例","1","0","修改名称和供应来源顺序成功","0"
"0","","0","未领料明细测试用例","2","0","删除数据成功","0"
"0","","0","主页设置页用例","1","0","清空全部组件成功","0"
"0","","0","物料组表测试用例","1","0","下拉框选择成功","0"
"0","","0","系统标识设置页用例","1","0","商标名称不填默认为 Elligent SCP","0"
"0","","0","用户与物料员测试用例","1","0","筛选","0"
"0","","0","事务管理页用例","1","0","我的流程-查询事务流程，开关开启，流程名称成功","0"
"0","","0","生产日历表测试用例","1","0","清除筛选效果成功","0"
"0","","0","收货日历表测试用例","1","0","取消删除数据","0"
"0","","0","数据库维护页用例","1","0","过滤条件查询，设置包含条件查询成功","0"
"0","","0","覆盖日历表测试用例","1","0","删除数据成功，删除布局成功","0"
"0","","0","资源组表测试用例","1","0","数字文本框 只允许填写数字","0"
"0","","0","生产报工测试用例","1","0","添加工作代码 修改资源会弹出提示，并且表格颜色发生改变","0"
"0","","0","生产特征表测试用例","1","0","修改代码成功","0"
"0","","0","资源切换表测试用例","1","0","查询资源成功","0"
"0","","0","物料CTB测试用例","1","0","添加交付需求明细信息，有多个必填只填写一项，不允许提交","0"
"0","","0","MRP需求计划表，MRP关联明细，请购单生成，计划单生成，请购单列表，工单列表页用例","1","0","点击查询工单列表不报错","0"
"0","","0","班次表测试用例","1","0","数字文本框 只允许填写数字","0"
"0","","0","多语言资源页用例","1","0","过滤查组件代码成功","0"
"0","","0","计划单元页用例","1","0","查询计划单元包含A或模版名称为CTB","0"
"0","","0","工作和任务表测试用例","1","0","工作需求明细页面过滤条件查询，设置包含条件查询成功","0"
"1","","0","物料BOM测试用例","0","0","添加物料BOM信息，有多个必填只填写一项，不允许提交","0"
"0","","0","标准应用设置测试用例","1","0","添加透视表布局-不添加名称 添加失败","0"
"0","","0","供应商信息测试用例","1","0","刷新成功","0"
"0","","0","甘特图测试用例","1","0","按钮移动后全固定开关可开启","0"
"0","","0","表达式管理页用例","1","0","过滤条件查询，设置符合结尾查询成功","0"
"0","","0","仓库库位测试用例","1","0","没有数据时显示正常","0"
"0","","0","物料齐套结果，订单欠料表，物料欠料表，订单分批齐套，物料供应明细，供需分配明细页用例","1","0","点击导出订单分批齐套不报错","0"
"0","","0","物控供应定义页用例","1","0","过滤条件查询，设置符合开头查询成功","0"
"0","","0","事务管理页用例","1","0","事务模版-新增模版成功，事务类型为服务，填写物控计算成功","0"
"0","","0","用户权限管理页用例","1","0","校验密码和确认密码不符合标准,不允许包含用户名","0"
"0","","0","菜单组件页用例","1","0","查询排序>3","0"
"0","","0","客户表测试用例","1","0","重新打开浏览器，数据还存在","0"
"0","","0","应用管理页用例","1","0","删除模版成功","0"
"0","","0","供应商信息测试用例","1","0","修改供应商代码成功","0"
"0","","0","未领料明细测试用例","1","0","修改数据重复","0"
"0","","0","事务管理页用例","1","0","我的流程-频率为每天，不填写间隔执行，不允许点击下一步","0"
"0","","0","供应商配额测试用例","1","0","编辑全部选项成功","0"
"0","","0","方案管理表测试用例","1","0","属性设置-分割工作靠拢在一起","0"
"0","","0","生产特征切换表测试用例","1","0","输入全部数据，添加保存成功","0"
"0","","0","用户与物料员测试用例","1","0","新增全部数据测试","0"
"0","","0","生产报工测试用例","1","0","查询资源成功","0"
"0","","0","物料库存测试用例","1","0","刷新成功","0"
"0","","0","收货日历表测试用例","1","0","刷新成功","0"
"0","","0","收货日历表测试用例","1","0","添加收货日历信息 填写收货场所不填写班次 不允许提交","0"
"0","","0","工具栏按钮管理页用例","1","0","过滤条件查询，设置符合开头查询成功","0"
"0","","0","计划信息计划评估页测试用例","1","0","日计划报表页面物料代码查询成功","0"
"0","","0","应用管理页用例","1","0","保存模版成功","0"
"0","","0","资源表测试用例","1","0","下拉框选择成功","0"
"0","","0","资源切换表测试用例","1","0","取消删除数据","0"
"0","","0","在途库存测试用例","1","0","编辑全部选项成功","0"
"0","","0","物料CTB测试用例","1","0","修改数据重复","0"
"0","","0","物料组表测试用例","1","0","添加测试数据","0"
"0","","0","物控方案管理表测试用例","1","0","齐套供应设置-公共数据计划单元，物料需求计算公式，需求源选择及数据过滤，供应源选择及数据过滤选择成功","0"
"0","","0","生产日历表测试用例","1","0","添加生产日历信息 填写班次不填写资源 不允许提交","0"
"0","","0","事务管理页用例","1","0","事务模版-新增模版失败，不输入事务名称，事务类型，配置参数不允许提交","0"
"0","","0","收货班次测试用例","1","0","修改数据重复","0"
"0","","0","生产报工测试用例","1","0","选择下拉框成功，将开始生产改为结束","0"
"0","","0","物品切换表测试用例","1","0","添加数据重复","0"
"0","","0","事务管理页用例","1","0","我的流程-添加流程只填写名称，不允许保存","0"
"0","","0","物控方案管理表测试用例","1","0","添加物控方案管理信息 添加重复 不允许提交","0"
"0","","0","物料表测试用例","1","0","校验数字文本框和文本框成功","0"
"0","","0","接收数据页用例","1","0","只填写源数据和目的系统点击新增不允许保存","0"
"0","","0","主页设置页用例","2","0","删除测试布局成功","0"
"0","","0","配置同步页用例","1","0","同步单个计划方案成功","0"
"0","","0","数据库维护页用例","1","0","编辑字段代码成功","0"
"0","","0","事务管理页用例","1","0","事务模版-切换事务类型，修改配置参数成功","0"
"0","","0","物料组表测试用例","1","0","修改物料组名称，自动补充标识，关联条件成功","0"
"0","","0","生产特征表测试用例","1","0","生产特征6增删查改","0"
"0","","0","工具栏按钮管理页用例","1","0","添加测试按钮成功","0"
"0","","0","物品切换表测试用例","1","0","添加物品切换信息 填写前品目和后品目不填写资源 不允许提交","0"
"0","","0","配置同步页用例","1","0","同步单个物控计划方案成功","0"
"1","","0","导入设置页用例","0","0","复制名称成功","0"
"0","","0","生产报工测试用例","1","0","当修改的报工数量大于实绩报工数量 弹出弹窗 点击“否”报工状态会变为开始生产","0"
"0","","0","物料替代页用例","1","0","过滤条件查询，设置符合结尾查询成功","0"
"0","","0","客户表测试用例","1","0","添加数据重复","0"
"0","","0","工序表测试用例","1","0","添加数据重复","0"
"0","","0","主页设置页用例","1","0","删除组件成功","0"
"0","","0","表达式管理页用例","1","0","过滤条件查询，设置包含条件查询成功","0"
"0","","0","工具栏按钮管理页用例","1","0","查询按钮代码成功","0"
"0","","0","标准应用设置测试用例","1","0","添加柱状统计图 输入图表名 输入XY轴 点击确认 添加成功","0"
"0","","0","物料齐套结果，订单欠料表，物料欠料表，订单分批齐套，物料供应明细，供需分配明细页用例","1","0","点击查询物料欠料表不报错","0"
"0","","0","标准应用设置测试用例","1","0","设置表格布局-设置一页显示数据为5","0"
"0","","0","覆盖日历表测试用例","1","0","数字文本框 只允许填写数字","0"
"0","","0","资源组表测试用例","1","0","添加测试数据成功","0"
"0","","0","仓库库位测试用例","1","0","添加仓库库位信息，只填写工厂代码，不填写仓库编码，不允许提交","0"
"0","","0","生产报工测试用例","1","0","添加生产报工成功","0"
"0","","0","计划信息计划评估页测试用例","1","0","日计划报表页面点击按工作按订单成功","0"
"0","","0","工序表测试用例","1","0","查询工序名包含1并且显示顺序>60","0"
"0","","0","标准应用设置测试用例","1","0","重复修改布局 不允许修改","0"
"0","","0","资源表测试用例","1","0","删除测试数据成功，删除布局成功","0"
"0","","0","计划单元页用例","1","0","查询物料代码成功","0"
"0","","0","模型设计页用例","1","0","查询模型成功","0"
"0","","0","工作指示一览表测试用例","1","0","删除工作指示成功，并且工作指示发布重新可以查询信息","0"
"0","","0","生产特征表测试用例","1","0","把修改后的代码改回来","0"
"0","","0","工序表测试用例","1","0","刷新成功","0"
"0","","0","标准应用设置测试用例","1","0","设置表格布局-物料优先度快速查询-数字输入框","0"
"0","","0","订单预占料测试用例","1","0","添加数据重复","0"
"0","","0","角色管理页用例","1","0","添加角色成功，关键字筛选搜索成功，只勾选一个菜单,并且增加该用户权限，可切换新建单元","0"
"0","","0","制造订单表测试用例","1","0","添加数据重复","0"
"0","","0","个人设置测试用例","1","0","组件菜单文字-不显示(默认)","0"
"0","","0","PSI设置用例","1","0","修改psi名称,最上位行收集条件,筛选方法成功","0"
"0","","0","收货日历表测试用例","1","0","输入全部数据，添加保存成功","0"
"0","","0","用户权限管理页用例","1","0","设置用户锁定成功","0"
"0","","0","接口执行页用例","1","0","清除筛选效果成功","0"
"0","","0","用户与物料员测试用例","1","0","添加数据成功","0"
"0","","0","模块管理页用例","1","0","过滤条件查询，设置符合开头查询成功","0"
"0","","0","方案管理表测试用例","1","0","属性设置-工作临时固定","0"
"0","","0","模块管理页用例","1","0","查询模块名称包含计划成功","0"
"0","","0","收货日历表测试用例","1","0","校验数字文本框和文本框成功","0"
"0","","0","标准应用设置测试用例","1","0","校验数字文本框和文本框成功","0"
"0","","0","制造订单表测试用例","1","0","查询物订单代码包含A成功","0"
"0","","0","模块管理页用例","1","0","新增直接点击保存不允许添加","0"
"0","","0","事务管理页用例","1","0","流程日志-设置分页为1000","0"
"0","","0","工作和任务表测试用例","1","0","工作需求明细页面刷新成功","0"
"0","","0","菜单组件页用例","1","0","修改组件名称，图标成功","0"
"0","","0","接收数据页用例","1","0","删除数据成功","0"
"0","","0","工具栏按钮管理页用例","1","0","过滤条件查询，设置符合结尾查询成功","0"
"0","","0","工艺产能表测试用例","1","0","删除工序选定器成功","0"
"0","","0","仓库库位测试用例","1","0","添加数据重复","0"
"0","","0","方案管理表测试用例","1","0","属性设置-分派失败时(最大移动时间制约)","0"
"0","","0","个人设置测试用例","1","0","打开引擎为web服务","0"
"0","","0","配置同步页用例","1","0","重复同步同一个psi不会报错，会继续同步","0"
"0","","0","事务管理页用例","1","0","我的流程-是否启动查询为关闭","0"
"0","","0","未领料明细测试用例","1","0","查询测试数据成功","0"
"0","","0","收货场所测试用例","1","0","删除测试数据成功","0"
"0","","0","标准应用设置测试用例","1","0","布局列表拖拽互换位置成功","0"
"0","","0","计划单元页用例","1","0","添加计划单元 不填写数据点击确认 不允许提交","0"
"0","","0","制造订单表测试用例","1","0","校验数字文本框和文本框成功","0"
"0","","0","模块管理页用例","1","0","修改对话框按钮代码禁用","0"
"0","","0","审核日志页用例","1","0","过滤条件查询，设置符合结尾查询成功","0"
"0","","0","方案管理表测试用例","1","0","属性设置-不填写数据不允许提交","0"
"0","","0","事务管理页用例","1","0","事务模版-循环删除模版成功","0"
"0","","0","导航栏测试用例","1","0","搜索页面进入指定页面","0"
"1","","0","应用管理页用例","0","0","修改应用点击关闭，弹出弹窗点击保存，保存成功","0"
"0","","0","系统标识设置页用例","1","0","设置商标名称成功","0"
"0","","0","物料CTB测试用例","1","0","查询测试数据成功","0"
"0","","0","生产特征表测试用例","1","0","添加生产特征信息 不填写数据点击确认 不允许提交，添加新布局","0"
"0","","0","物料替代页用例","1","0","添加成组替代成功","0"
"0","","0","物料替代页用例","1","0","新增直接点击保存不允许添加","0"
"0","","0","事务管理页用例","1","0","我的流程-查询事务流程，开关关闭，流程名称成功","0"
"0","","0","用户权限管理页用例","1","0","过滤条件查询，设置包含条件查询成功","0"
"0","","0","方案管理表测试用例","1","0","属性设置-时间属性-分派结束时间","0"
"0","","0","工艺产能表测试用例","1","0","添加测试数据成功","0"
"0","","0","订单预占料测试用例","1","0","添加必填数据成功","0"
"0","","0","物料CTB测试用例","1","0","添加必填数据成功","0"
"0","","0","标准应用设置测试用例","1","0","设置表格布局-布局列表设置为显示布局","0"
"0","","0","工艺产能表测试用例","1","0","添加工艺产能信息，只填写物料和工序选定器和工序编号，不允许提交","0"
"0","","0","资源表测试用例","1","0","添加资源信息，只填写资源代码，不填写资源名称，不允许提交","0"
"0","","0","环境设置页用例","1","0","排程页面-所有复选框都点击取消勾选，并且保存成功","0"
"0","","0","物料组表测试用例","1","0","添加物料组信息，只填写物料名称，不填写物料代码，不允许提交","0"
"1","","0","制造订单表测试用例","0","0","计划需求增删查改","0"
"0","","0","计划信息计划评估页测试用例","1","0","计划评估页面刷新成功","0"
"0","","0","方案管理表测试用例","1","0","添加方案成功","0"
"0","","0","标准应用设置测试用例","1","0","循环删除统计数据成功","0"
"0","","0","接口执行页用例","1","0","过滤条件查询，设置符合结尾查询成功","0"
"0","","0","用户权限管理页用例","1","0","校验密码和确认密码不符合标准,密码只含有字母和数字","0"
"0","","0","甘特图测试用例","1","0","资源甘特图-左侧资源显示表达式","0"
"1","","0","物料库存测试用例","0","0","编辑全部选项成功","0"
"0","","0","事务管理页用例","1","0","我的流程-添加流程名称点击下一步提示重复","0"
"0","","0","导入设置页用例","1","0","点击新增不输入数据点击保存，不允许保存","0"
"0","","0","事务管理页用例","1","0","我的流程-添加流程填写名称和分类，不允许点击下一步","0"
"0","","0","计划计算测试用例","1","0","引擎启动为服务器，不输入计划方案，点击执行不成功","0"
"0","","0","物料库存测试用例","1","0","添加数据成功","0"
"0","","0","方案管理表测试用例","1","0","添加命令成功","0"
"0","","0","在途库存测试用例","1","0","查询物料员代码成功","0"
"0","","0","字典页用例","1","0","新增只填写枚举值点击保存不允许添加","0"
"0","","0","物料齐套结果，订单欠料表，物料欠料表，订单分批齐套，物料供应明细，供需分配明细页用例","1","0","点击导出订单齐套结果不报错","0"
"0","","0","接口执行页用例","1","0","不勾选数据点击执行弹出提示","0"
"0","","0","标准应用设置测试用例","1","0","设置表格布局-设置为不显示布局","0"
"0","","0","物料表测试用例","1","0","添加测试数据","0"
"0","","0","生产报工测试用例","1","0","添加工作代码 不填写报告数量 不允许提交","0"
"0","","0","收货班次测试用例","1","0","查询测试数据成功","0"
"0","","0","甘特图测试用例","1","0","排产成功","0"
"0","","0","资源组表测试用例","1","0","修改资源代码重复","0"
"0","","0","事务管理页用例","1","0","流程日志-点击重置按钮成功","0"
"0","","0","工艺产能表测试用例","1","0","添加工艺产能信息，只填写物料，工序选定器和工序编号，使用指令，新增成功","0"
"0","","0","物料组表测试用例","1","0","添加物料组信息，只填写物料代码，不填写物料名称，不允许提交","0"
"0","","0","事务管理页用例","1","0","我的流程-流程事务查询成功","0"
"0","","0","应用管理页用例","1","0","不允许保存重复应用代码","0"
"0","","0","PSI设置用例","1","0","只输入名称和收集条件，点击增加不允许添加","0"
"0","","0","生产特征表测试用例","1","0","生产特征8增删查改","0"
"0","","0","环境设置页用例","1","0","周期页面-工作日的起始时间-不输入不允许保存，输入框颜色改变","0"
"1","","0","用户权限管理页用例","0","0","修改用户名称，用户日期，用户类型，密码有效天数，角色代码成功","0"
"0","","0","班次表测试用例","1","0","查询代码包含1成功","0"
"0","","0","多语言资源页用例","1","0","添加多语言成功","0"
"0","","0","甘特图测试用例","1","0","资源甘特图-工作面板显示内容","0"
"0","","0","物料CTB测试用例","1","0","过滤刷新成功","0"
"0","","0","标准应用设置测试用例","1","0","复制列表成功","0"
"0","","0","主页设置页用例","1","0","删除布局成功","0"
"0","","0","事务管理页用例","1","0","我的流程-频率为月，不填写时间设置，不允许点击下一步","0"
"0","","0","标准应用设置测试用例","1","0","快速查询下拉框多选为或者关系","0"
"0","","0","事务管理页用例","1","0","我的流程-添加流程只填写名称，不允许点击下一步","0"
"0","","0","主页设置页用例","1","0","保存模版,点击确定，保存模版","0"
"0","","0","模块管理页用例","1","0","清除筛选效果成功","0"
"0","","0","用户权限管理页用例","1","0","点击取消不会修改数据","0"
"0","","0","物控需求定义页用例","1","0","过滤查需求来源编码成功","0"
"0","","0","覆盖日历表测试用例","1","0","添加测试数据","0"
"0","","0","多语言资源页用例","1","0","新增只填写键值点击保存不允许添加","0"
"0","","0","菜单组件页用例","1","0","过滤查组件代码成功","0"
"0","","0","生产特征表测试用例","1","0","校验数字文本框和文本框成功","0"
"0","","0","资源表测试用例","1","0","修改资源名称，资源量制约","0"
"0","","0","标准应用设置测试用例","1","0","添加面积统计图 添加成功","0"
"0","","0","工序表测试用例","1","0","显示顺序>60","0"
"0","","0","方案管理表测试用例","1","0","添加方案管理信息 添加重复 不允许提交","0"
"1","","0","配置同步页用例","0","0","分配2个资源给另外一个用户成功","0"
"0","","1","在途库存测试用例","0","0","修改物料员代码重复","0"
"0","","0","主页设置页用例","1","0","设置该模版为启动模版","0"
"0","","0","制造订单表测试用例","1","0","添加制造订单信息 不填写数据点击确认 不允许提交 并且添加了一新布局设置成默认启动布局","0"
"0","","0","配置同步页用例","1","0","同步单个psi成功","0"
"0","","0","事务管理页用例","1","0","我的流程-复制流程成功","0"
"0","","0","生产特征表测试用例","1","0","重新打开浏览器，数据还存在","0"
"0","","0","模块管理页用例","1","0","查询排序>3","0"
"0","","0","物料齐套结果，订单欠料表，物料欠料表，订单分批齐套，物料供应明细，供需分配明细页用例","1","0","点击导出供需分配明细不报错","0"
"1","","0","应用管理页用例","0","0","删除测试数据成功，删除布局成功","0"
"0","","0","接口配置分发页用例","1","0","添加重复接口名称不允许添加","0"
"0","","0","物控供应定义页用例","1","0","修改供应来源编码不允许修改","0"
"0","","0","数据库维护页用例","1","0","过滤条件查询，设置符合开头查询成功","0"
"0","","0","字典页用例","1","0","新增直接点击保存不允许添加","0"
"0","","0","生产特征切换表测试用例","1","0","生产特征7切换增删查改","0"
"0","","0","生产特征表测试用例","1","0","修改名称，显示颜色成功","0"
"0","","0","标准应用设置测试用例","1","0","添加测试布局重复，添加失败","0"
"0","","0","生产日历表测试用例","1","0","修改生产日历资源成功","0"
"0","","0","物品切换表测试用例","1","0","查询资源成功","0"
"0","","0","角色管理页用例","1","0","修改和角色名称成功，并且可切换计划单元","0"
"0","","0","工艺产能表测试用例","1","0","添加工艺产能信息，只填写物料，不允许提交","0"
"0","","0","客户表测试用例","1","0","取消删除数据","0"
"0","","0","菜单组件页用例","1","0","清除筛选效果成功","0"
"0","","0","用户权限管理页用例","1","0","已删除的用户不能登录","0"
"0","","0","班次表测试用例","1","0","修改班次代码成功","0"
"0","","0","接口配置分发页用例","1","0","过滤条件查询，设置符合结尾查询成功","0"
"0","","0","导航栏测试用例","1","0","关闭导航栏页面成功","0"
"0","","0","制造订单表测试用例","1","0","查询订单代码包含1A并且计划数量>100","0"
"0","","0","标准应用设置测试用例","1","0","设置表格布局-表尾内容设置为合计","0"
"0","","0","个人设置测试用例","1","0","修改密码不符合标准,首位字符不允许为空格","0"
"1","","0","物料库存测试用例","0","0","没有数据时显示正常","0"
"0","","0","物料员测试用例","1","0","添加供应商信息 不填写数据点击确认 不允许提交","0"
"0","","0","生产特征表测试用例","1","0","生产特征9增删查改","0"
"0","","0","资源表测试用例","1","0","添加数据成功","0"
"0","","0","标准应用设置测试用例","1","0","设置透视表格布局-布局列表设置为显示布局","0"
"0","","0","数据库维护页用例","1","0","新增新建查询页面成功，并且执行查询数据库成功","0"
"0","","0","资源组表测试用例","1","0","添加数据成功","0"
"0","","0","删除添加的物品，添加的工艺产能，添加的制造订单,删除工作指示测试用例","1","0","删除生产特征2-10数据","0"
"0","","0","收货日历表测试用例","1","0","添加数据成功 - 星期","0"
"0","","0","生产日历表测试用例","1","0","过滤条件查询，一个不选，显示正常","0"
"0","","0","MRP需求计划表，MRP关联明细，请购单生成，计划单生成，请购单列表，工单列表页用例","1","0","点击查询MRP关联明细不报错","0"
"0","","0","生产日历表测试用例","1","0","数字文本框 只允许填写数字","0"
"0","","0","物料表测试用例","1","0","查询物料优先度>0","0"
"0","","0","工序表测试用例","1","0","查询工序名包含1或显示顺序>60","0"
"0","","0","覆盖日历表测试用例","1","0","修改覆盖日历资源成功","0"
"0","","0","生产日历表测试用例","1","0","取消删除数据","0"
"0","","0","物料表测试用例","1","0","输入全部数据，添加保存成功","0"
"0","","0","工序表测试用例","1","0","重新打开浏览器，数据还存在","0"
"0","","0","物控供应定义页用例","1","0","添加供应来源编码成功","0"
"0","","0","物料替代页用例","1","0","删除数据删除布局成功","0"
"0","","0","收货日历表测试用例","1","0","添加收货日历信息 填写班次填写收货场所 不填写日期 不允许提交","0"
"0","","0","菜单组件页用例","1","0","没有数据时显示正常","0"
"0","","0","物控需求定义页用例","1","0","过滤条件查询，设置符合开头查询成功","0"
"0","","0","资源切换表测试用例","1","0","删除布局成功","0"
"0","","0","甘特图测试用例","1","0","计划评估对比点击查询成功","0"
"0","","0","菜单组件页用例","1","0","过滤条件查询，设置符合开头查询成功","0"
"0","","0","覆盖日历表测试用例","1","0","校验数字文本框和文本框成功","0"
"0","","0","标准应用设置测试用例","1","0","标签列表不添加名称不允许添加","0"
"0","","0","表达式管理页用例","1","0","删除表达式成功","0"
"0","","0","供应商配额测试用例","1","0","添加供应商配额信息 不填写数据点击确认 不允许提交","0"
"0","","0","工序表测试用例","1","0","修改工序代码重复","0"
"0","","0","工序表测试用例","1","0","添加工序信息，只填写工序代码，不填写工序名，不允许提交","0"
"0","","0","标准应用设置测试用例","1","0","修改统计图名称成功","0"
"0","","0","生产特征表测试用例","1","0","下拉框选择成功","0"
"0","","0","数据库维护页用例","1","0","数据库查询成功","0"
"0","","0","个人设置测试用例","1","0","恢复菜单展开方式为默认展开","0"
"0","","0","物料组表测试用例","1","0","添加数据成功","0"
"0","","0","客户表测试用例","1","0","添加客户信息 不填写数据点击确认 不允许提交，添加测试布局","0"
"0","","0","标准应用设置测试用例","1","0","添加散点统计图 添加成功","0"
"0","","0","订单预占料测试用例","1","0","编辑全部选项成功","0"
"0","","0","物料替代页用例","1","0","查询替代后子项料号成功","0"
"0","","0","标准应用设置测试用例","1","0","设置表格布局-设置物料组代码自定义显示为测试物料组代码","0"
"0","","0","生产特征切换表测试用例","1","0","生产特征8切换增删查改","0"
"0","","0","标准应用设置测试用例","1","0","添加统计图 不输入图表名 点击确认 不允许添加","0"
"0","","0","工序表测试用例","1","0","取消删除数据","0"
"0","","0","物料员测试用例","1","0","新增全部数据测试","0"
"0","","0","多语言资源页用例","1","0","过滤条件查询，一个不选，显示正常","0"
"0","","0","物控需求定义页用例","1","0","清除筛选效果成功","0"
"0","","0","供应商配额测试用例","1","0","修改测试数据成功","0"
"0","","0","资源组表测试用例","1","0","下拉框选择成功","0"
"0","","0","班次表测试用例","1","0","取消删除数据","0"
"0","","0","仓库库位测试用例","1","0","把修改后的物料代码改回来","0"
"0","","0","表达式管理页用例","1","0","修改表达式分类，相当于新增","0"
"0","","0","资源组表测试用例","1","0","删除测试数据成功，删除布局成功","0"
"0","","0","收货场所测试用例","1","0","查询测试数据成功","0"
"0","","0","模块管理页用例","1","0","删除测试数据成功，删除布局成功","0"
"0","","0","计划信息计划评估页测试用例","1","0","计划消息页面过滤条件查询成功","0"
"0","","0","采购PO答复测试用例","1","0","删除测试数据成功","0"
"0","","0","个人设置测试用例","1","0","重新启动设置不变,设置菜单展开方式为默认展开","0"
"0","","0","采购PO答复测试用例","1","0","添加必填数据成功","0"
"0","","0","事务管理页用例","1","0","流程日志-设置分页为10,点击最后一页有数据","0"
"0","","0","制造订单表测试用例","1","0","修改物料名称，计划数量成功","0"
"0","","0","用户与物料员测试用例","1","0","添加物料员信息，只填写用户，不填写物料员，不允许提交","0"
"0","","0","方案管理表测试用例","1","0","属性设置-按分派规则顺序排列选择成功","0"
"0","","0","工具栏按钮管理页用例","1","0","添加按钮成功","0"
"0","","0","在线管理页用例","1","0","刷新成功","0"
"0","","0","事务管理页用例","1","0","我的流程-频率为周，保存成功","0"
"0","","0","个人设置测试用例","1","0","重新启动设置不变，切换回默认背景颜色","0"
"0","","0","审核日志页用例","1","0","设置时间为当月，用户为当前登录者，显示异常","0"
"0","","0","模型设计页用例","1","0","新增重复模型不允许添加","0"
"0","","0","审核日志页用例","1","0","过滤条件查询，一个不选，显示正常","0"
"0","","0","主页设置页用例","1","0","点击清空全部，点击取消，不会删除组件","0"
"0","","0","收货日历表测试用例","1","0","添加数据成功 - 日期","0"
"0","","0","制造订单表测试用例","1","0","调整库存增删查改","0"
"0","","0","供应商信息测试用例","1","0","把修改后的供应商代码改回来","0"
"0","","0","接口配置分发页用例","1","0","只填写源系统和目的系统点击新增不允许保存","0"
"0","","0","物料组表测试用例","1","0","修改物料组代码成功","0"
"0","","0","收货班次测试用例","1","0","新增全部数据测试","0"
"0","","0","资源表测试用例","1","0","没有数据时显示正常","0"
"0","","0","工作和任务表测试用例","1","0","任务明细页面刷新成功","0"
"0","","0","资源切换表测试用例","1","0","添加资源切换信息 不填写数据点击确认 不允许提交","0"
"0","","0","角色管理页用例","1","0","修改菜单成功，并且可切换计划单元","0"
"0","","0","用户与物料员测试用例","1","0","编辑全部选项成功","0"
"0","","0","班次表测试用例","1","0","修改显示颜色成功","0"
"0","","0","标准应用设置测试用例","1","0","添加双轴统计图 添加成功","0"
